id,date,amount,memo
TXN-10001,2026-03-01,7906.86,ACME CORP PAYROLL MARCH
TXN-10002,2026-03-02,4935.75,ACME CORP HEALTH BENEFITS
TXN-10003,2026-03-03,1011.16,AWS CLOUD SERVICES US-EAST-1
TXN-10004,2026-03-04,5265.32,AWS INFRA S3 STORAGE
TXN-10005,2026-03-05,1934.63,GOOGLE CLOUD PLATFORM COMPUTE
TXN-10006,2026-03-06,4695.29,GOOGLE WORKSPACE ENTERPRISE
TXN-10007,2026-03-07,763.53,UBER TECHNOLOGIES RIDE SHARE
TXN-10008,2026-03-08,1035.22,UBER EATS CLIENT ENTERTAINMENT
TXN-10009,2026-03-09,7711.73,STRIPE PAYMENTS PROCESSING FEE
TXN-10010,2026-03-10,525.66,MICROSOFT AZURE RESERVED INSTANCE
TXN-10011,2026-03-11,4588.32,SALESFORCE CRM ENTERPRISE SEATS
TXN-10012,2026-03-12,1405.81,DELL TECHNOLOGIES WORKSTATIONS
TXN-10013,2026-03-13,5946.26,DOCUSIGN ENTERPRISE SIGNATURES
TXN-10014,2026-03-14,136.12,STARBUCKS CORP TEAM CATERING
TXN-10015,2026-03-15,3790.30,WEWORK SOMA HOT DESK ACCESS
TXN-10016,2026-03-16,7730.72,ORACLE CLOUD DATABASE LICENSING
TXN-10017,2026-03-17,7843.86,SLACK TECHNOLOGIES BUSINESS PLUS
TXN-10018,2026-03-18,3771.69,NVIDIA AI ENTERPRISE COMPUTE
TXN-10019,2026-03-19,3294.12,GITHUB ENTERPRISE ORG ACCESS
TXN-10020,2026-03-20,5343.93,FEDEX PRIORITY OVERNIGHT FREIGHT
TXN-10021,2026-03-21,1172.58,ACME CORP PAYROLL MARCH
TXN-10022,2026-03-22,1151.71,ACME CORP HEALTH BENEFITS
TXN-10023,2026-03-23,7635.72,AWS CLOUD SERVICES US-EAST-1
TXN-10024,2026-03-24,4105.53,AWS INFRA S3 STORAGE
TXN-10025,2026-03-25,6266.65,GOOGLE CLOUD PLATFORM COMPUTE
TXN-10026,2026-03-26,7263.20,GOOGLE WORKSPACE ENTERPRISE
TXN-10027,2026-03-27,670.42,UBER TECHNOLOGIES RIDE SHARE
TXN-10028,2026-03-28,3258.02,UBER EATS CLIENT ENTERTAINMENT
TXN-10029,2026-03-01,1628.64,STRIPE PAYMENTS PROCESSING FEE
TXN-10030,2026-03-02,885.58,MICROSOFT AZURE RESERVED INSTANCE
TXN-10031,2026-03-03,2531.42,SALESFORCE CRM ENTERPRISE SEATS
TXN-10032,2026-03-04,2163.17,DELL TECHNOLOGIES WORKSTATIONS
TXN-10033,2026-03-05,3798.60,DOCUSIGN ENTERPRISE SIGNATURES
TXN-10034,2026-03-06,547.00,STARBUCKS CORP TEAM CATERING
TXN-10035,2026-03-07,7419.71,WEWORK SOMA HOT DESK ACCESS
TXN-10036,2026-03-08,7227.19,ORACLE CLOUD DATABASE LICENSING
TXN-10037,2026-03-09,2496.65,SLACK TECHNOLOGIES BUSINESS PLUS
TXN-10038,2026-03-10,4789.41,NVIDIA AI ENTERPRISE COMPUTE
TXN-10039,2026-03-11,4514.07,GITHUB ENTERPRISE ORG ACCESS
TXN-10040,2026-03-12,4263.78,FEDEX PRIORITY OVERNIGHT FREIGHT
TXN-10041,2026-03-13,5495.88,ACME CORP PAYROLL MARCH
TXN-10042,2026-03-14,2254.42,ACME CORP HEALTH BENEFITS
TXN-10043,2026-03-15,5351.04,AWS CLOUD SERVICES US-EAST-1
TXN-10044,2026-03-16,7975.66,AWS INFRA S3 STORAGE
TXN-10045,2026-03-17,2607.52,GOOGLE CLOUD PLATFORM COMPUTE
TXN-10046,2026-03-18,3148.97,GOOGLE WORKSPACE ENTERPRISE
TXN-10047,2026-03-19,5425.67,UBER TECHNOLOGIES RIDE SHARE
TXN-10048,2026-03-20,3507.72,UBER EATS CLIENT ENTERTAINMENT
TXN-10049,2026-03-21,4273.11,STRIPE PAYMENTS PROCESSING FEE
TXN-10050,2026-03-22,4572.99,MICROSOFT AZURE RESERVED INSTANCE
TXN-10051,2026-03-23,3835.90,SALESFORCE CRM ENTERPRISE SEATS
TXN-10052,2026-03-24,1186.75,DELL TECHNOLOGIES WORKSTATIONS
TXN-10053,2026-03-25,7140.89,DOCUSIGN ENTERPRISE SIGNATURES
TXN-10054,2026-03-26,1456.40,STARBUCKS CORP TEAM CATERING
TXN-10055,2026-03-27,2143.50,WEWORK SOMA HOT DESK ACCESS
TXN-10056,2026-03-28,3986.13,ORACLE CLOUD DATABASE LICENSING
TXN-10057,2026-03-01,5388.52,SLACK TECHNOLOGIES BUSINESS PLUS
TXN-10058,2026-03-02,5603.02,NVIDIA AI ENTERPRISE COMPUTE
TXN-10059,2026-03-03,5018.69,GITHUB ENTERPRISE ORG ACCESS
TXN-10060,2026-03-04,559.90,FEDEX PRIORITY OVERNIGHT FREIGHT
TXN-10061,2026-03-05,2312.94,ACME CORP PAYROLL MARCH
TXN-10062,2026-03-06,6856.13,ACME CORP HEALTH BENEFITS
TXN-10063,2026-03-07,6153.23,AWS CLOUD SERVICES US-EAST-1
TXN-10064,2026-03-08,6458.85,AWS INFRA S3 STORAGE
TXN-10065,2026-03-09,1941.10,GOOGLE CLOUD PLATFORM COMPUTE
TXN-10066,2026-03-10,4927.31,GOOGLE WORKSPACE ENTERPRISE
TXN-10067,2026-03-11,703.00,UBER TECHNOLOGIES RIDE SHARE
TXN-10068,2026-03-12,5006.18,UBER EATS CLIENT ENTERTAINMENT
TXN-10069,2026-03-13,7037.27,STRIPE PAYMENTS PROCESSING FEE
TXN-10070,2026-03-14,5578.48,MICROSOFT AZURE RESERVED INSTANCE
TXN-10071,2026-03-15,1235.78,SALESFORCE CRM ENTERPRISE SEATS
TXN-10072,2026-03-16,653.86,DELL TECHNOLOGIES WORKSTATIONS
TXN-10073,2026-03-17,1007.29,DOCUSIGN ENTERPRISE SIGNATURES
TXN-10074,2026-03-18,4315.26,STARBUCKS CORP TEAM CATERING
TXN-10075,2026-03-19,2556.03,WEWORK SOMA HOT DESK ACCESS
TXN-10076,2026-03-20,5262.10,ORACLE CLOUD DATABASE LICENSING
TXN-10077,2026-03-21,7047.97,SLACK TECHNOLOGIES BUSINESS PLUS
TXN-10078,2026-03-22,3893.80,NVIDIA AI ENTERPRISE COMPUTE
TXN-10079,2026-03-23,4078.92,GITHUB ENTERPRISE ORG ACCESS
TXN-10080,2026-03-24,7953.48,FEDEX PRIORITY OVERNIGHT FREIGHT
TXN-10081,2026-03-25,6116.33,ACME CORP PAYROLL MARCH
TXN-10082,2026-03-26,586.47,ACME CORP HEALTH BENEFITS
TXN-10083,2026-03-27,6157.35,AWS CLOUD SERVICES US-EAST-1
TXN-10084,2026-03-28,7055.01,AWS INFRA S3 STORAGE
TXN-10085,2026-03-01,713.47,GOOGLE CLOUD PLATFORM COMPUTE
TXN-10086,2026-03-02,7883.37,GOOGLE WORKSPACE ENTERPRISE
TXN-10087,2026-03-03,4754.23,UBER TECHNOLOGIES RIDE SHARE
TXN-10088,2026-03-04,2410.67,UBER EATS CLIENT ENTERTAINMENT
TXN-10089,2026-03-05,2024.35,STRIPE PAYMENTS PROCESSING FEE
TXN-10090,2026-03-06,4931.64,MICROSOFT AZURE RESERVED INSTANCE
TXN-10091,2026-03-07,294.17,SALESFORCE CRM ENTERPRISE SEATS
TXN-10092,2026-03-08,4782.23,DELL TECHNOLOGIES WORKSTATIONS
TXN-10093,2026-03-09,7790.94,DOCUSIGN ENTERPRISE SIGNATURES
TXN-10094,2026-03-10,7962.50,STARBUCKS CORP TEAM CATERING
TXN-10095,2026-03-11,3952.16,WEWORK SOMA HOT DESK ACCESS
TXN-10096,2026-03-12,7438.81,ORACLE CLOUD DATABASE LICENSING
TXN-10097,2026-03-13,6150.42,SLACK TECHNOLOGIES BUSINESS PLUS
TXN-10098,2026-03-14,4572.20,NVIDIA AI ENTERPRISE COMPUTE
TXN-10099,2026-03-15,4320.15,GITHUB ENTERPRISE ORG ACCESS
TXN-10100,2026-03-16,2591.09,FEDEX PRIORITY OVERNIGHT FREIGHT
TXN-10101,2026-03-17,7468.56,ACME CORP PAYROLL MARCH
TXN-10102,2026-03-18,6737.06,ACME CORP HEALTH BENEFITS
TXN-10103,2026-03-19,4511.82,AWS CLOUD SERVICES US-EAST-1
TXN-10104,2026-03-20,2675.24,AWS INFRA S3 STORAGE
TXN-10105,2026-03-21,7615.98,GOOGLE CLOUD PLATFORM COMPUTE
TXN-10106,2026-03-22,453.92,GOOGLE WORKSPACE ENTERPRISE
TXN-10107,2026-03-23,6160.71,UBER TECHNOLOGIES RIDE SHARE
TXN-10108,2026-03-24,7450.15,UBER EATS CLIENT ENTERTAINMENT
TXN-10109,2026-03-25,3252.08,STRIPE PAYMENTS PROCESSING FEE
TXN-10110,2026-03-26,3685.02,MICROSOFT AZURE RESERVED INSTANCE
TXN-10111,2026-03-27,7103.70,SALESFORCE CRM ENTERPRISE SEATS
TXN-10112,2026-03-28,799.37,DELL TECHNOLOGIES WORKSTATIONS
TXN-10113,2026-03-01,2741.09,DOCUSIGN ENTERPRISE SIGNATURES
TXN-10114,2026-03-02,5544.13,STARBUCKS CORP TEAM CATERING
TXN-10115,2026-03-03,3525.44,WEWORK SOMA HOT DESK ACCESS
TXN-10116,2026-03-04,7196.79,ORACLE CLOUD DATABASE LICENSING
TXN-10117,2026-03-05,7445.71,SLACK TECHNOLOGIES BUSINESS PLUS
TXN-10118,2026-03-06,3376.93,NVIDIA AI ENTERPRISE COMPUTE
TXN-10119,2026-03-07,7985.84,GITHUB ENTERPRISE ORG ACCESS
TXN-10120,2026-03-08,3964.75,FEDEX PRIORITY OVERNIGHT FREIGHT
TXN-10121,2026-03-09,7071.12,ACME CORP PAYROLL MARCH
TXN-10122,2026-03-10,4137.67,ACME CORP HEALTH BENEFITS
TXN-10123,2026-03-11,308.58,AWS CLOUD SERVICES US-EAST-1
TXN-10124,2026-03-12,2552.87,AWS INFRA S3 STORAGE
TXN-10125,2026-03-13,4115.24,GOOGLE CLOUD PLATFORM COMPUTE
TXN-10126,2026-03-14,5647.37,GOOGLE WORKSPACE ENTERPRISE
TXN-10127,2026-03-15,381.05,UBER TECHNOLOGIES RIDE SHARE
TXN-10128,2026-03-16,6714.65,UBER EATS CLIENT ENTERTAINMENT
TXN-10129,2026-03-17,5718.11,STRIPE PAYMENTS PROCESSING FEE
TXN-10130,2026-03-18,7678.36,MICROSOFT AZURE RESERVED INSTANCE
TXN-10131,2026-03-19,682.88,SALESFORCE CRM ENTERPRISE SEATS
TXN-10132,2026-03-20,3543.73,DELL TECHNOLOGIES WORKSTATIONS
TXN-10133,2026-03-21,1173.74,DOCUSIGN ENTERPRISE SIGNATURES
TXN-10134,2026-03-22,5872.41,STARBUCKS CORP TEAM CATERING
TXN-10135,2026-03-23,449.40,WEWORK SOMA HOT DESK ACCESS
TXN-10136,2026-03-24,4672.90,ORACLE CLOUD DATABASE LICENSING
TXN-10137,2026-03-25,1794.62,SLACK TECHNOLOGIES BUSINESS PLUS
TXN-10138,2026-03-26,1651.55,NVIDIA AI ENTERPRISE COMPUTE
TXN-10139,2026-03-27,2784.54,GITHUB ENTERPRISE ORG ACCESS
TXN-10140,2026-03-28,5990.05,FEDEX PRIORITY OVERNIGHT FREIGHT
TXN-10141,2026-03-01,5894.72,ACME CORP PAYROLL MARCH
TXN-10142,2026-03-02,6266.94,ACME CORP HEALTH BENEFITS
TXN-10143,2026-03-03,1806.63,AWS CLOUD SERVICES US-EAST-1
TXN-10144,2026-03-04,4488.83,AWS INFRA S3 STORAGE
TXN-10145,2026-03-05,5734.54,GOOGLE CLOUD PLATFORM COMPUTE
TXN-10146,2026-03-06,425.24,GOOGLE WORKSPACE ENTERPRISE
TXN-10147,2026-03-07,5783.31,UBER TECHNOLOGIES RIDE SHARE
TXN-10148,2026-03-08,5852.16,UBER EATS CLIENT ENTERTAINMENT
TXN-10149,2026-03-09,1577.92,STRIPE PAYMENTS PROCESSING FEE
TXN-10150,2026-03-10,113.21,MICROSOFT AZURE RESERVED INSTANCE
TXN-10151,2026-03-11,1257.38,SALESFORCE CRM ENTERPRISE SEATS
TXN-10152,2026-03-12,2277.38,DELL TECHNOLOGIES WORKSTATIONS
TXN-10153,2026-03-13,7313.23,DOCUSIGN ENTERPRISE SIGNATURES
TXN-10154,2026-03-14,5101.80,STARBUCKS CORP TEAM CATERING
TXN-10155,2026-03-15,7307.94,WEWORK SOMA HOT DESK ACCESS
TXN-10156,2026-03-16,4029.18,ORACLE CLOUD DATABASE LICENSING
TXN-10157,2026-03-17,6570.14,SLACK TECHNOLOGIES BUSINESS PLUS
TXN-10158,2026-03-18,7523.66,NVIDIA AI ENTERPRISE COMPUTE
TXN-10159,2026-03-19,3724.66,GITHUB ENTERPRISE ORG ACCESS
TXN-10160,2026-03-20,3574.74,FEDEX PRIORITY OVERNIGHT FREIGHT
TXN-10161,2026-03-21,1731.63,ACME CORP PAYROLL MARCH
TXN-10162,2026-03-22,7884.62,ACME CORP HEALTH BENEFITS
TXN-10163,2026-03-23,5185.52,AWS CLOUD SERVICES US-EAST-1
TXN-10164,2026-03-24,2481.29,AWS INFRA S3 STORAGE
TXN-10165,2026-03-25,2561.87,GOOGLE CLOUD PLATFORM COMPUTE
TXN-10166,2026-03-26,212.17,GOOGLE WORKSPACE ENTERPRISE
TXN-10167,2026-03-27,6002.54,UBER TECHNOLOGIES RIDE SHARE
TXN-10168,2026-03-28,883.48,UBER EATS CLIENT ENTERTAINMENT
TXN-10169,2026-03-01,7057.18,STRIPE PAYMENTS PROCESSING FEE
TXN-10170,2026-03-02,6953.63,MICROSOFT AZURE RESERVED INSTANCE
TXN-10171,2026-03-03,5616.21,SALESFORCE CRM ENTERPRISE SEATS
TXN-10172,2026-03-04,6860.96,DELL TECHNOLOGIES WORKSTATIONS
TXN-10173,2026-03-05,4249.43,DOCUSIGN ENTERPRISE SIGNATURES
TXN-10174,2026-03-06,7541.15,STARBUCKS CORP TEAM CATERING
TXN-10175,2026-03-07,640.01,WEWORK SOMA HOT DESK ACCESS
TXN-10176,2026-03-08,2214.61,ORACLE CLOUD DATABASE LICENSING
TXN-10177,2026-03-09,3850.48,SLACK TECHNOLOGIES BUSINESS PLUS
TXN-10178,2026-03-10,4717.97,NVIDIA AI ENTERPRISE COMPUTE
TXN-10179,2026-03-11,1778.45,GITHUB ENTERPRISE ORG ACCESS
TXN-10180,2026-03-12,4351.97,FEDEX PRIORITY OVERNIGHT FREIGHT
TXN-10181,2026-03-13,5686.21,ACME CORP PAYROLL MARCH
TXN-10182,2026-03-14,5859.16,ACME CORP HEALTH BENEFITS
TXN-10183,2026-03-15,4654.55,AWS CLOUD SERVICES US-EAST-1
TXN-10184,2026-03-16,5420.49,AWS INFRA S3 STORAGE
TXN-10185,2026-03-17,6318.00,GOOGLE CLOUD PLATFORM COMPUTE
TXN-10186,2026-03-18,6637.14,GOOGLE WORKSPACE ENTERPRISE
TXN-10187,2026-03-19,3076.15,UBER TECHNOLOGIES RIDE SHARE
TXN-10188,2026-03-20,4757.53,UBER EATS CLIENT ENTERTAINMENT
TXN-10189,2026-03-21,1986.18,STRIPE PAYMENTS PROCESSING FEE
TXN-10190,2026-03-22,6246.10,MICROSOFT AZURE RESERVED INSTANCE
TXN-10191,2026-03-23,72.99,SALESFORCE CRM ENTERPRISE SEATS
TXN-10192,2026-03-24,5115.92,DELL TECHNOLOGIES WORKSTATIONS
TXN-10193,2026-03-25,6586.84,DOCUSIGN ENTERPRISE SIGNATURES
TXN-10194,2026-03-26,4144.58,STARBUCKS CORP TEAM CATERING
TXN-10195,2026-03-27,4630.31,WEWORK SOMA HOT DESK ACCESS
TXN-10196,2026-03-28,7154.86,ORACLE CLOUD DATABASE LICENSING
TXN-10197,2026-03-01,5524.52,SLACK TECHNOLOGIES BUSINESS PLUS
TXN-10198,2026-03-02,77.43,NVIDIA AI ENTERPRISE COMPUTE
TXN-10199,2026-03-03,1254.77,GITHUB ENTERPRISE ORG ACCESS
TXN-10200,2026-03-04,7003.85,FEDEX PRIORITY OVERNIGHT FREIGHT
TXN-10201,2026-03-05,4915.88,ACME CORP PAYROLL MARCH
TXN-10202,2026-03-06,1882.94,ACME CORP HEALTH BENEFITS
TXN-10203,2026-03-07,1716.27,AWS CLOUD SERVICES US-EAST-1
TXN-10204,2026-03-08,577.16,AWS INFRA S3 STORAGE
TXN-10205,2026-03-09,5166.25,GOOGLE CLOUD PLATFORM COMPUTE
TXN-10206,2026-03-10,2717.99,GOOGLE WORKSPACE ENTERPRISE
TXN-10207,2026-03-11,370.71,UBER TECHNOLOGIES RIDE SHARE
TXN-10208,2026-03-12,759.20,UBER EATS CLIENT ENTERTAINMENT
TXN-10209,2026-03-13,1674.17,STRIPE PAYMENTS PROCESSING FEE
TXN-10210,2026-03-14,876.70,MICROSOFT AZURE RESERVED INSTANCE
TXN-10211,2026-03-15,275.57,SALESFORCE CRM ENTERPRISE SEATS
TXN-10212,2026-03-16,4830.09,DELL TECHNOLOGIES WORKSTATIONS
TXN-10213,2026-03-17,4344.95,DOCUSIGN ENTERPRISE SIGNATURES
TXN-10214,2026-03-18,7670.41,STARBUCKS CORP TEAM CATERING
TXN-10215,2026-03-19,7259.17,WEWORK SOMA HOT DESK ACCESS
TXN-10216,2026-03-20,3631.06,ORACLE CLOUD DATABASE LICENSING
TXN-10217,2026-03-21,6050.24,SLACK TECHNOLOGIES BUSINESS PLUS
TXN-10218,2026-03-22,769.91,NVIDIA AI ENTERPRISE COMPUTE
TXN-10219,2026-03-23,3396.89,GITHUB ENTERPRISE ORG ACCESS
TXN-10220,2026-03-24,2237.75,FEDEX PRIORITY OVERNIGHT FREIGHT
TXN-10221,2026-03-25,1803.51,ACME CORP PAYROLL MARCH
TXN-10222,2026-03-26,6581.91,ACME CORP HEALTH BENEFITS
TXN-10223,2026-03-27,593.98,AWS CLOUD SERVICES US-EAST-1
TXN-10224,2026-03-28,2643.38,AWS INFRA S3 STORAGE
TXN-10225,2026-03-01,1816.67,GOOGLE CLOUD PLATFORM COMPUTE
TXN-10226,2026-03-02,7612.15,GOOGLE WORKSPACE ENTERPRISE
TXN-10227,2026-03-03,604.84,UBER TECHNOLOGIES RIDE SHARE
TXN-10228,2026-03-04,3157.08,UBER EATS CLIENT ENTERTAINMENT
TXN-10229,2026-03-05,7690.81,STRIPE PAYMENTS PROCESSING FEE
TXN-10230,2026-03-06,5250.14,MICROSOFT AZURE RESERVED INSTANCE
TXN-10231,2026-03-07,2610.66,SALESFORCE CRM ENTERPRISE SEATS
TXN-10232,2026-03-08,413.59,DELL TECHNOLOGIES WORKSTATIONS
TXN-10233,2026-03-09,6695.90,DOCUSIGN ENTERPRISE SIGNATURES
TXN-10234,2026-03-10,5560.05,STARBUCKS CORP TEAM CATERING
TXN-10235,2026-03-11,3361.41,WEWORK SOMA HOT DESK ACCESS
TXN-10236,2026-03-12,2741.28,ORACLE CLOUD DATABASE LICENSING
TXN-10237,2026-03-13,1483.97,SLACK TECHNOLOGIES BUSINESS PLUS
TXN-10238,2026-03-14,1367.30,NVIDIA AI ENTERPRISE COMPUTE
TXN-10239,2026-03-15,6536.33,GITHUB ENTERPRISE ORG ACCESS
TXN-10240,2026-03-16,7491.82,FEDEX PRIORITY OVERNIGHT FREIGHT
TXN-10241,2026-03-17,6025.52,ACME CORP PAYROLL MARCH
TXN-10242,2026-03-18,4507.74,ACME CORP HEALTH BENEFITS
TXN-10243,2026-03-19,3574.62,AWS CLOUD SERVICES US-EAST-1
TXN-10244,2026-03-20,5472.71,AWS INFRA S3 STORAGE
TXN-10245,2026-03-21,7715.73,GOOGLE CLOUD PLATFORM COMPUTE
TXN-10246,2026-03-22,3222.08,GOOGLE WORKSPACE ENTERPRISE
TXN-10247,2026-03-23,5561.54,UBER TECHNOLOGIES RIDE SHARE
TXN-10248,2026-03-24,4198.75,UBER EATS CLIENT ENTERTAINMENT
TXN-10249,2026-03-25,1534.95,STRIPE PAYMENTS PROCESSING FEE
TXN-10250,2026-03-26,6620.39,MICROSOFT AZURE RESERVED INSTANCE
TXN-10251,2026-03-27,1758.00,SALESFORCE CRM ENTERPRISE SEATS
TXN-10252,2026-03-28,6722.25,DELL TECHNOLOGIES WORKSTATIONS
TXN-10253,2026-03-01,5718.80,DOCUSIGN ENTERPRISE SIGNATURES
TXN-10254,2026-03-02,3076.36,STARBUCKS CORP TEAM CATERING
TXN-10255,2026-03-03,3442.90,WEWORK SOMA HOT DESK ACCESS
TXN-10256,2026-03-04,6337.28,ORACLE CLOUD DATABASE LICENSING
TXN-10257,2026-03-05,1612.33,SLACK TECHNOLOGIES BUSINESS PLUS
TXN-10258,2026-03-06,2673.27,NVIDIA AI ENTERPRISE COMPUTE
TXN-10259,2026-03-07,2148.79,GITHUB ENTERPRISE ORG ACCESS
TXN-10260,2026-03-08,6790.55,FEDEX PRIORITY OVERNIGHT FREIGHT
TXN-10261,2026-03-09,7076.76,ACME CORP PAYROLL MARCH
TXN-10262,2026-03-10,6958.26,ACME CORP HEALTH BENEFITS
TXN-10263,2026-03-11,6053.67,AWS CLOUD SERVICES US-EAST-1
TXN-10264,2026-03-12,1500.73,AWS INFRA S3 STORAGE
TXN-10265,2026-03-13,2302.16,GOOGLE CLOUD PLATFORM COMPUTE
TXN-10266,2026-03-14,7064.05,GOOGLE WORKSPACE ENTERPRISE
TXN-10267,2026-03-15,255.34,UBER TECHNOLOGIES RIDE SHARE
TXN-10268,2026-03-16,5006.76,UBER EATS CLIENT ENTERTAINMENT
TXN-10269,2026-03-17,5320.90,STRIPE PAYMENTS PROCESSING FEE
TXN-10270,2026-03-18,7352.67,MICROSOFT AZURE RESERVED INSTANCE
TXN-10271,2026-03-19,1485.02,SALESFORCE CRM ENTERPRISE SEATS
TXN-10272,2026-03-20,3823.54,DELL TECHNOLOGIES WORKSTATIONS
TXN-10273,2026-03-21,2771.13,DOCUSIGN ENTERPRISE SIGNATURES
TXN-10274,2026-03-22,487.01,STARBUCKS CORP TEAM CATERING
TXN-10275,2026-03-23,6302.55,WEWORK SOMA HOT DESK ACCESS
TXN-10276,2026-03-24,3433.75,ORACLE CLOUD DATABASE LICENSING
TXN-10277,2026-03-25,386.43,SLACK TECHNOLOGIES BUSINESS PLUS
TXN-10278,2026-03-26,5771.35,NVIDIA AI ENTERPRISE COMPUTE
TXN-10279,2026-03-27,5707.62,GITHUB ENTERPRISE ORG ACCESS
TXN-10280,2026-03-28,2297.69,FEDEX PRIORITY OVERNIGHT FREIGHT
TXN-10281,2026-03-01,3833.17,ACME CORP PAYROLL MARCH
TXN-10282,2026-03-02,7922.59,ACME CORP HEALTH BENEFITS
TXN-10283,2026-03-03,6999.06,AWS CLOUD SERVICES US-EAST-1
TXN-10284,2026-03-04,3711.46,AWS INFRA S3 STORAGE
TXN-10285,2026-03-05,582.66,GOOGLE CLOUD PLATFORM COMPUTE
TXN-10286,2026-03-06,3072.38,GOOGLE WORKSPACE ENTERPRISE
TXN-10287,2026-03-07,7804.03,UBER TECHNOLOGIES RIDE SHARE
TXN-10288,2026-03-08,7767.58,UBER EATS CLIENT ENTERTAINMENT
TXN-10289,2026-03-09,3353.89,STRIPE PAYMENTS PROCESSING FEE
TXN-10290,2026-03-10,2718.30,MICROSOFT AZURE RESERVED INSTANCE
TXN-10291,2026-03-11,1942.32,SALESFORCE CRM ENTERPRISE SEATS
TXN-10292,2026-03-12,5687.01,DELL TECHNOLOGIES WORKSTATIONS
TXN-10293,2026-03-13,2794.08,DOCUSIGN ENTERPRISE SIGNATURES
TXN-10294,2026-03-14,2402.11,STARBUCKS CORP TEAM CATERING
TXN-10295,2026-03-15,2707.14,WEWORK SOMA HOT DESK ACCESS
TXN-10296,2026-03-16,6936.84,ORACLE CLOUD DATABASE LICENSING
TXN-10297,2026-03-17,7326.08,SLACK TECHNOLOGIES BUSINESS PLUS
TXN-10298,2026-03-18,2220.72,NVIDIA AI ENTERPRISE COMPUTE
TXN-10299,2026-03-19,355.20,GITHUB ENTERPRISE ORG ACCESS
TXN-10300,2026-03-20,2724.93,FEDEX PRIORITY OVERNIGHT FREIGHT
TXN-10301,2026-03-21,889.67,ACME CORP PAYROLL MARCH
TXN-10302,2026-03-22,3572.25,ACME CORP HEALTH BENEFITS
TXN-10303,2026-03-23,46.24,AWS CLOUD SERVICES US-EAST-1
TXN-10304,2026-03-24,996.60,AWS INFRA S3 STORAGE
TXN-10305,2026-03-25,1049.05,GOOGLE CLOUD PLATFORM COMPUTE
TXN-10306,2026-03-26,2501.27,GOOGLE WORKSPACE ENTERPRISE
TXN-10307,2026-03-27,4332.25,UBER TECHNOLOGIES RIDE SHARE
TXN-10308,2026-03-28,1236.86,UBER EATS CLIENT ENTERTAINMENT
TXN-10309,2026-03-01,6605.28,STRIPE PAYMENTS PROCESSING FEE
TXN-10310,2026-03-02,5687.95,MICROSOFT AZURE RESERVED INSTANCE
TXN-10311,2026-03-03,7100.49,SALESFORCE CRM ENTERPRISE SEATS
TXN-10312,2026-03-04,463.73,DELL TECHNOLOGIES WORKSTATIONS
TXN-10313,2026-03-05,5180.62,DOCUSIGN ENTERPRISE SIGNATURES
TXN-10314,2026-03-06,2941.28,STARBUCKS CORP TEAM CATERING
TXN-10315,2026-03-07,5729.45,WEWORK SOMA HOT DESK ACCESS
TXN-10316,2026-03-08,6819.44,ORACLE CLOUD DATABASE LICENSING
TXN-10317,2026-03-09,2442.99,SLACK TECHNOLOGIES BUSINESS PLUS
TXN-10318,2026-03-10,4940.30,NVIDIA AI ENTERPRISE COMPUTE
TXN-10319,2026-03-11,5537.16,GITHUB ENTERPRISE ORG ACCESS
TXN-10320,2026-03-12,2420.20,FEDEX PRIORITY OVERNIGHT FREIGHT
TXN-10321,2026-03-13,6723.37,ACME CORP PAYROLL MARCH
TXN-10322,2026-03-14,892.90,ACME CORP HEALTH BENEFITS
TXN-10323,2026-03-15,5631.34,AWS CLOUD SERVICES US-EAST-1
TXN-10324,2026-03-16,3765.40,AWS INFRA S3 STORAGE
TXN-10325,2026-03-17,3692.64,GOOGLE CLOUD PLATFORM COMPUTE
TXN-10326,2026-03-18,4090.85,GOOGLE WORKSPACE ENTERPRISE
TXN-10327,2026-03-19,1417.32,UBER TECHNOLOGIES RIDE SHARE
TXN-10328,2026-03-20,3824.75,UBER EATS CLIENT ENTERTAINMENT
TXN-10329,2026-03-21,759.95,STRIPE PAYMENTS PROCESSING FEE
TXN-10330,2026-03-22,6698.72,MICROSOFT AZURE RESERVED INSTANCE
TXN-10331,2026-03-23,1281.34,SALESFORCE CRM ENTERPRISE SEATS
TXN-10332,2026-03-24,3846.13,DELL TECHNOLOGIES WORKSTATIONS
TXN-10333,2026-03-25,8011.74,DOCUSIGN ENTERPRISE SIGNATURES
TXN-10334,2026-03-26,6972.49,STARBUCKS CORP TEAM CATERING
TXN-10335,2026-03-27,5939.75,WEWORK SOMA HOT DESK ACCESS
TXN-10336,2026-03-28,2557.46,ORACLE CLOUD DATABASE LICENSING
TXN-10337,2026-03-01,6713.63,SLACK TECHNOLOGIES BUSINESS PLUS
TXN-10338,2026-03-02,6532.07,NVIDIA AI ENTERPRISE COMPUTE
TXN-10339,2026-03-03,1353.47,GITHUB ENTERPRISE ORG ACCESS
TXN-10340,2026-03-04,7987.45,FEDEX PRIORITY OVERNIGHT FREIGHT
TXN-10341,2026-03-05,3845.94,ACME CORP PAYROLL MARCH
TXN-10342,2026-03-06,2702.69,ACME CORP HEALTH BENEFITS
TXN-10343,2026-03-07,2321.36,AWS CLOUD SERVICES US-EAST-1
TXN-10344,2026-03-08,1264.43,AWS INFRA S3 STORAGE
TXN-10345,2026-03-09,4609.40,GOOGLE CLOUD PLATFORM COMPUTE
TXN-10346,2026-03-10,501.35,GOOGLE WORKSPACE ENTERPRISE
TXN-10347,2026-03-11,516.62,UBER TECHNOLOGIES RIDE SHARE
TXN-10348,2026-03-12,2346.28,UBER EATS CLIENT ENTERTAINMENT
TXN-10349,2026-03-13,4537.88,STRIPE PAYMENTS PROCESSING FEE
TXN-10350,2026-03-14,5231.11,MICROSOFT AZURE RESERVED INSTANCE
TXN-10351,2026-03-15,7664.62,SALESFORCE CRM ENTERPRISE SEATS
TXN-10352,2026-03-16,4827.64,DELL TECHNOLOGIES WORKSTATIONS
TXN-10353,2026-03-17,7921.74,DOCUSIGN ENTERPRISE SIGNATURES
TXN-10354,2026-03-18,7230.95,STARBUCKS CORP TEAM CATERING
TXN-10355,2026-03-19,5466.87,WEWORK SOMA HOT DESK ACCESS
TXN-10356,2026-03-20,3959.68,ORACLE CLOUD DATABASE LICENSING
TXN-10357,2026-03-21,5406.53,SLACK TECHNOLOGIES BUSINESS PLUS
TXN-10358,2026-03-22,4790.54,NVIDIA AI ENTERPRISE COMPUTE
TXN-10359,2026-03-23,7986.99,GITHUB ENTERPRISE ORG ACCESS
TXN-10360,2026-03-24,611.85,FEDEX PRIORITY OVERNIGHT FREIGHT
TXN-10361,2026-03-25,7724.52,ACME CORP PAYROLL MARCH
TXN-10362,2026-03-26,609.50,ACME CORP HEALTH BENEFITS
TXN-10363,2026-03-27,6450.66,AWS CLOUD SERVICES US-EAST-1
TXN-10364,2026-03-28,7154.88,AWS INFRA S3 STORAGE
TXN-10365,2026-03-01,360.29,GOOGLE CLOUD PLATFORM COMPUTE
TXN-10366,2026-03-02,4860.90,GOOGLE WORKSPACE ENTERPRISE
TXN-10367,2026-03-03,896.83,UBER TECHNOLOGIES RIDE SHARE
TXN-10368,2026-03-04,6462.82,UBER EATS CLIENT ENTERTAINMENT
TXN-10369,2026-03-05,5089.56,STRIPE PAYMENTS PROCESSING FEE
TXN-10370,2026-03-06,6049.69,MICROSOFT AZURE RESERVED INSTANCE
TXN-10371,2026-03-07,7712.32,SALESFORCE CRM ENTERPRISE SEATS
TXN-10372,2026-03-08,6643.21,DELL TECHNOLOGIES WORKSTATIONS
TXN-10373,2026-03-09,4676.90,DOCUSIGN ENTERPRISE SIGNATURES
TXN-10374,2026-03-10,5307.54,STARBUCKS CORP TEAM CATERING
TXN-10375,2026-03-11,2917.12,WEWORK SOMA HOT DESK ACCESS
TXN-10376,2026-03-12,6693.88,ORACLE CLOUD DATABASE LICENSING
TXN-10377,2026-03-13,5039.31,SLACK TECHNOLOGIES BUSINESS PLUS
TXN-10378,2026-03-14,5966.58,NVIDIA AI ENTERPRISE COMPUTE
TXN-10379,2026-03-15,4093.90,GITHUB ENTERPRISE ORG ACCESS
TXN-10380,2026-03-16,6764.66,FEDEX PRIORITY OVERNIGHT FREIGHT
TXN-10381,2026-03-17,2437.17,ACME CORP PAYROLL MARCH
TXN-10382,2026-03-18,3389.52,ACME CORP HEALTH BENEFITS
TXN-10383,2026-03-19,5674.53,AWS CLOUD SERVICES US-EAST-1
TXN-10384,2026-03-20,302.91,AWS INFRA S3 STORAGE
TXN-10385,2026-03-21,4018.73,GOOGLE CLOUD PLATFORM COMPUTE
TXN-10386,2026-03-22,31.51,GOOGLE WORKSPACE ENTERPRISE
TXN-10387,2026-03-23,7802.80,UBER TECHNOLOGIES RIDE SHARE
TXN-10388,2026-03-24,1423.42,UBER EATS CLIENT ENTERTAINMENT
TXN-10389,2026-03-25,3191.12,STRIPE PAYMENTS PROCESSING FEE
TXN-10390,2026-03-26,5172.79,MICROSOFT AZURE RESERVED INSTANCE
TXN-10391,2026-03-27,6617.68,SALESFORCE CRM ENTERPRISE SEATS
TXN-10392,2026-03-28,3139.32,DELL TECHNOLOGIES WORKSTATIONS
TXN-10393,2026-03-01,1531.79,DOCUSIGN ENTERPRISE SIGNATURES
TXN-10394,2026-03-02,809.14,STARBUCKS CORP TEAM CATERING
TXN-10395,2026-03-03,1532.56,WEWORK SOMA HOT DESK ACCESS
TXN-10396,2026-03-04,6593.22,ORACLE CLOUD DATABASE LICENSING
TXN-10397,2026-03-05,6947.15,SLACK TECHNOLOGIES BUSINESS PLUS
TXN-10398,2026-03-06,8000.36,NVIDIA AI ENTERPRISE COMPUTE
TXN-10399,2026-03-07,939.32,GITHUB ENTERPRISE ORG ACCESS
TXN-10400,2026-03-08,3257.03,FEDEX PRIORITY OVERNIGHT FREIGHT
TXN-10401,2026-03-09,6514.20,ACME CORP PAYROLL MARCH
TXN-10402,2026-03-10,7982.53,ACME CORP HEALTH BENEFITS
TXN-10403,2026-03-11,815.74,AWS CLOUD SERVICES US-EAST-1
TXN-10404,2026-03-12,3173.05,AWS INFRA S3 STORAGE
TXN-10405,2026-03-13,4756.00,GOOGLE CLOUD PLATFORM COMPUTE
TXN-10406,2026-03-14,6612.83,GOOGLE WORKSPACE ENTERPRISE
TXN-10407,2026-03-15,66.60,UBER TECHNOLOGIES RIDE SHARE
TXN-10408,2026-03-16,3242.44,UBER EATS CLIENT ENTERTAINMENT
TXN-10409,2026-03-17,5202.65,STRIPE PAYMENTS PROCESSING FEE
TXN-10410,2026-03-18,926.36,MICROSOFT AZURE RESERVED INSTANCE
TXN-10411,2026-03-19,1752.70,SALESFORCE CRM ENTERPRISE SEATS
TXN-10412,2026-03-20,3537.26,DELL TECHNOLOGIES WORKSTATIONS
TXN-10413,2026-03-21,6837.01,DOCUSIGN ENTERPRISE SIGNATURES
TXN-10414,2026-03-22,2984.61,STARBUCKS CORP TEAM CATERING
TXN-10415,2026-03-23,3291.59,WEWORK SOMA HOT DESK ACCESS
TXN-10416,2026-03-24,1533.82,ORACLE CLOUD DATABASE LICENSING
TXN-10417,2026-03-25,7623.00,SLACK TECHNOLOGIES BUSINESS PLUS
TXN-10418,2026-03-26,5188.29,NVIDIA AI ENTERPRISE COMPUTE
TXN-10419,2026-03-27,3496.08,GITHUB ENTERPRISE ORG ACCESS
TXN-10420,2026-03-28,7012.49,FEDEX PRIORITY OVERNIGHT FREIGHT
TXN-10421,2026-03-01,1613.80,ACME CORP PAYROLL MARCH
TXN-10422,2026-03-02,1054.38,ACME CORP HEALTH BENEFITS
TXN-10423,2026-03-03,1628.20,AWS CLOUD SERVICES US-EAST-1
TXN-10424,2026-03-04,6430.51,AWS INFRA S3 STORAGE
TXN-10425,2026-03-05,3679.64,GOOGLE CLOUD PLATFORM COMPUTE
TXN-10426,2026-03-06,3883.77,GOOGLE WORKSPACE ENTERPRISE
TXN-10427,2026-03-07,7111.94,UBER TECHNOLOGIES RIDE SHARE
TXN-10428,2026-03-08,2212.32,UBER EATS CLIENT ENTERTAINMENT
TXN-10429,2026-03-09,2081.53,STRIPE PAYMENTS PROCESSING FEE
TXN-10430,2026-03-10,418.06,MICROSOFT AZURE RESERVED INSTANCE
TXN-10431,2026-03-11,1517.82,SALESFORCE CRM ENTERPRISE SEATS
TXN-10432,2026-03-12,3173.82,DELL TECHNOLOGIES WORKSTATIONS
TXN-10433,2026-03-13,2381.84,DOCUSIGN ENTERPRISE SIGNATURES
TXN-10434,2026-03-14,895.01,STARBUCKS CORP TEAM CATERING
TXN-10435,2026-03-15,2422.63,WEWORK SOMA HOT DESK ACCESS
TXN-10436,2026-03-16,6180.55,ORACLE CLOUD DATABASE LICENSING
TXN-10437,2026-03-17,3094.75,SLACK TECHNOLOGIES BUSINESS PLUS
TXN-10438,2026-03-18,7145.71,NVIDIA AI ENTERPRISE COMPUTE
TXN-10439,2026-03-19,6691.66,GITHUB ENTERPRISE ORG ACCESS
TXN-10440,2026-03-20,6645.28,FEDEX PRIORITY OVERNIGHT FREIGHT
TXN-10441,2026-03-21,5241.52,ACME CORP PAYROLL MARCH
TXN-10442,2026-03-22,1508.53,ACME CORP HEALTH BENEFITS
TXN-10443,2026-03-23,3288.33,AWS CLOUD SERVICES US-EAST-1
TXN-10444,2026-03-24,2892.95,AWS INFRA S3 STORAGE
TXN-10445,2026-03-25,2849.83,GOOGLE CLOUD PLATFORM COMPUTE
TXN-10446,2026-03-26,1024.05,GOOGLE WORKSPACE ENTERPRISE
TXN-10447,2026-03-27,3911.93,UBER TECHNOLOGIES RIDE SHARE
TXN-10448,2026-03-28,2830.85,UBER EATS CLIENT ENTERTAINMENT
TXN-10449,2026-03-01,2492.31,STRIPE PAYMENTS PROCESSING FEE
TXN-10450,2026-03-02,3767.53,MICROSOFT AZURE RESERVED INSTANCE
TXN-10451,2026-03-03,3185.28,SALESFORCE CRM ENTERPRISE SEATS
TXN-10452,2026-03-04,1268.14,DELL TECHNOLOGIES WORKSTATIONS
TXN-10453,2026-03-05,6495.14,DOCUSIGN ENTERPRISE SIGNATURES
TXN-10454,2026-03-06,1132.54,STARBUCKS CORP TEAM CATERING
TXN-10455,2026-03-07,7890.24,WEWORK SOMA HOT DESK ACCESS
TXN-10456,2026-03-08,3618.46,ORACLE CLOUD DATABASE LICENSING
TXN-10457,2026-03-09,838.91,SLACK TECHNOLOGIES BUSINESS PLUS
TXN-10458,2026-03-10,1795.35,NVIDIA AI ENTERPRISE COMPUTE
TXN-10459,2026-03-11,3567.57,GITHUB ENTERPRISE ORG ACCESS
TXN-10460,2026-03-12,4930.12,FEDEX PRIORITY OVERNIGHT FREIGHT
TXN-10461,2026-03-13,7346.55,ACME CORP PAYROLL MARCH
TXN-10462,2026-03-14,2390.61,ACME CORP HEALTH BENEFITS
TXN-10463,2026-03-15,5987.64,AWS CLOUD SERVICES US-EAST-1
TXN-10464,2026-03-16,5103.37,AWS INFRA S3 STORAGE
TXN-10465,2026-03-17,3540.28,GOOGLE CLOUD PLATFORM COMPUTE
TXN-10466,2026-03-18,5542.38,GOOGLE WORKSPACE ENTERPRISE
TXN-10467,2026-03-19,7219.43,UBER TECHNOLOGIES RIDE SHARE
TXN-10468,2026-03-20,1826.93,UBER EATS CLIENT ENTERTAINMENT
TXN-10469,2026-03-21,167.42,STRIPE PAYMENTS PROCESSING FEE
TXN-10470,2026-03-22,7275.86,MICROSOFT AZURE RESERVED INSTANCE
TXN-10471,2026-03-23,2434.98,SALESFORCE CRM ENTERPRISE SEATS
TXN-10472,2026-03-24,4337.63,DELL TECHNOLOGIES WORKSTATIONS
TXN-10473,2026-03-25,5600.80,DOCUSIGN ENTERPRISE SIGNATURES
TXN-10474,2026-03-26,7470.26,STARBUCKS CORP TEAM CATERING
TXN-10475,2026-03-27,3414.35,WEWORK SOMA HOT DESK ACCESS
TXN-10476,2026-03-28,7910.22,ORACLE CLOUD DATABASE LICENSING
TXN-10477,2026-03-01,5582.59,SLACK TECHNOLOGIES BUSINESS PLUS
TXN-10478,2026-03-02,7501.22,NVIDIA AI ENTERPRISE COMPUTE
TXN-10479,2026-03-03,7856.54,GITHUB ENTERPRISE ORG ACCESS
TXN-10480,2026-03-04,4554.91,FEDEX PRIORITY OVERNIGHT FREIGHT
TXN-10481,2026-03-05,2157.61,ACME CORP PAYROLL MARCH
TXN-10482,2026-03-06,83.07,ACME CORP HEALTH BENEFITS
TXN-10483,2026-03-07,2947.04,AWS CLOUD SERVICES US-EAST-1
TXN-10484,2026-03-08,3494.12,AWS INFRA S3 STORAGE
TXN-10485,2026-03-09,3844.37,GOOGLE CLOUD PLATFORM COMPUTE
TXN-10486,2026-03-10,4750.31,GOOGLE WORKSPACE ENTERPRISE
TXN-10487,2026-03-11,5882.87,UBER TECHNOLOGIES RIDE SHARE
TXN-10488,2026-03-12,46.90,UBER EATS CLIENT ENTERTAINMENT
TXN-10489,2026-03-13,5289.88,STRIPE PAYMENTS PROCESSING FEE
TXN-10490,2026-03-14,4299.45,MICROSOFT AZURE RESERVED INSTANCE
TXN-10491,2026-03-15,5800.51,SALESFORCE CRM ENTERPRISE SEATS
TXN-10492,2026-03-16,2504.22,DELL TECHNOLOGIES WORKSTATIONS
TXN-10493,2026-03-17,2444.48,DOCUSIGN ENTERPRISE SIGNATURES
TXN-10494,2026-03-18,1419.14,STARBUCKS CORP TEAM CATERING
TXN-10495,2026-03-19,2476.09,WEWORK SOMA HOT DESK ACCESS
TXN-10496,2026-03-20,4899.38,ORACLE CLOUD DATABASE LICENSING
TXN-10497,2026-03-21,4094.79,SLACK TECHNOLOGIES BUSINESS PLUS
TXN-10498,2026-03-22,7401.22,NVIDIA AI ENTERPRISE COMPUTE
TXN-10499,2026-03-23,7732.98,GITHUB ENTERPRISE ORG ACCESS
TXN-10500,2026-03-24,7260.64,FEDEX PRIORITY OVERNIGHT FREIGHT
TXN-10501,2026-03-25,1001.70,ACME CORP PAYROLL MARCH
TXN-10502,2026-03-26,2842.43,ACME CORP HEALTH BENEFITS
TXN-10503,2026-03-27,5748.15,AWS CLOUD SERVICES US-EAST-1
TXN-10504,2026-03-28,6359.77,AWS INFRA S3 STORAGE
TXN-10505,2026-03-01,2567.26,GOOGLE CLOUD PLATFORM COMPUTE
TXN-10506,2026-03-02,4674.47,GOOGLE WORKSPACE ENTERPRISE
TXN-10507,2026-03-03,6990.65,UBER TECHNOLOGIES RIDE SHARE
TXN-10508,2026-03-04,7809.88,UBER EATS CLIENT ENTERTAINMENT
TXN-10509,2026-03-05,1408.36,STRIPE PAYMENTS PROCESSING FEE
TXN-10510,2026-03-06,2721.61,MICROSOFT AZURE RESERVED INSTANCE
TXN-10511,2026-03-07,2712.34,SALESFORCE CRM ENTERPRISE SEATS
TXN-10512,2026-03-08,7967.50,DELL TECHNOLOGIES WORKSTATIONS
TXN-10513,2026-03-09,554.18,DOCUSIGN ENTERPRISE SIGNATURES
TXN-10514,2026-03-10,909.74,STARBUCKS CORP TEAM CATERING
TXN-10515,2026-03-11,2501.94,WEWORK SOMA HOT DESK ACCESS
TXN-10516,2026-03-12,382.32,ORACLE CLOUD DATABASE LICENSING
TXN-10517,2026-03-13,4669.35,SLACK TECHNOLOGIES BUSINESS PLUS
TXN-10518,2026-03-14,4750.23,NVIDIA AI ENTERPRISE COMPUTE
TXN-10519,2026-03-15,3539.46,GITHUB ENTERPRISE ORG ACCESS
TXN-10520,2026-03-16,1204.66,FEDEX PRIORITY OVERNIGHT FREIGHT
TXN-10521,2026-03-17,5092.75,ACME CORP PAYROLL MARCH
TXN-10522,2026-03-18,6398.41,ACME CORP HEALTH BENEFITS
TXN-10523,2026-03-19,2572.69,AWS CLOUD SERVICES US-EAST-1
TXN-10524,2026-03-20,5808.86,AWS INFRA S3 STORAGE
TXN-10525,2026-03-21,5677.03,GOOGLE CLOUD PLATFORM COMPUTE
TXN-10526,2026-03-22,5174.33,GOOGLE WORKSPACE ENTERPRISE
TXN-10527,2026-03-23,546.35,UBER TECHNOLOGIES RIDE SHARE
TXN-10528,2026-03-24,5171.51,UBER EATS CLIENT ENTERTAINMENT
TXN-10529,2026-03-25,5207.07,STRIPE PAYMENTS PROCESSING FEE
TXN-10530,2026-03-26,1435.26,MICROSOFT AZURE RESERVED INSTANCE
TXN-10531,2026-03-27,6098.78,SALESFORCE CRM ENTERPRISE SEATS
TXN-10532,2026-03-28,475.77,DELL TECHNOLOGIES WORKSTATIONS
TXN-10533,2026-03-01,4500.86,DOCUSIGN ENTERPRISE SIGNATURES
TXN-10534,2026-03-02,6813.20,STARBUCKS CORP TEAM CATERING
TXN-10535,2026-03-03,4789.93,WEWORK SOMA HOT DESK ACCESS
TXN-10536,2026-03-04,5602.66,ORACLE CLOUD DATABASE LICENSING
TXN-10537,2026-03-05,4638.92,SLACK TECHNOLOGIES BUSINESS PLUS
TXN-10538,2026-03-06,2263.47,NVIDIA AI ENTERPRISE COMPUTE
TXN-10539,2026-03-07,3621.07,GITHUB ENTERPRISE ORG ACCESS
TXN-10540,2026-03-08,1535.54,FEDEX PRIORITY OVERNIGHT FREIGHT
TXN-10541,2026-03-09,7275.69,ACME CORP PAYROLL MARCH
TXN-10542,2026-03-10,1046.11,ACME CORP HEALTH BENEFITS
TXN-10543,2026-03-11,7542.56,AWS CLOUD SERVICES US-EAST-1
TXN-10544,2026-03-12,7932.05,AWS INFRA S3 STORAGE
TXN-10545,2026-03-13,1121.64,GOOGLE CLOUD PLATFORM COMPUTE
TXN-10546,2026-03-14,3251.24,GOOGLE WORKSPACE ENTERPRISE
TXN-10547,2026-03-15,7212.85,UBER TECHNOLOGIES RIDE SHARE
TXN-10548,2026-03-16,2825.04,UBER EATS CLIENT ENTERTAINMENT
TXN-10549,2026-03-17,4315.03,STRIPE PAYMENTS PROCESSING FEE
TXN-10550,2026-03-18,2912.80,MICROSOFT AZURE RESERVED INSTANCE
TXN-10551,2026-03-19,3723.31,SALESFORCE CRM ENTERPRISE SEATS
TXN-10552,2026-03-20,5336.12,DELL TECHNOLOGIES WORKSTATIONS
TXN-10553,2026-03-21,52.62,DOCUSIGN ENTERPRISE SIGNATURES
TXN-10554,2026-03-22,2349.29,STARBUCKS CORP TEAM CATERING
TXN-10555,2026-03-23,341.94,WEWORK SOMA HOT DESK ACCESS
TXN-10556,2026-03-24,5995.06,ORACLE CLOUD DATABASE LICENSING
TXN-10557,2026-03-25,4809.32,SLACK TECHNOLOGIES BUSINESS PLUS
TXN-10558,2026-03-26,2366.64,NVIDIA AI ENTERPRISE COMPUTE
TXN-10559,2026-03-27,4528.46,GITHUB ENTERPRISE ORG ACCESS
TXN-10560,2026-03-28,6221.31,FEDEX PRIORITY OVERNIGHT FREIGHT
TXN-10561,2026-03-01,1469.55,ACME CORP PAYROLL MARCH
TXN-10562,2026-03-02,3752.68,ACME CORP HEALTH BENEFITS
TXN-10563,2026-03-03,529.38,AWS CLOUD SERVICES US-EAST-1
TXN-10564,2026-03-04,6309.54,AWS INFRA S3 STORAGE
TXN-10565,2026-03-05,4735.65,GOOGLE CLOUD PLATFORM COMPUTE
TXN-10566,2026-03-06,2452.06,GOOGLE WORKSPACE ENTERPRISE
TXN-10567,2026-03-07,1379.82,UBER TECHNOLOGIES RIDE SHARE
TXN-10568,2026-03-08,7493.67,UBER EATS CLIENT ENTERTAINMENT
TXN-10569,2026-03-09,4651.90,STRIPE PAYMENTS PROCESSING FEE
TXN-10570,2026-03-10,6495.58,MICROSOFT AZURE RESERVED INSTANCE
TXN-10571,2026-03-11,7328.16,SALESFORCE CRM ENTERPRISE SEATS
TXN-10572,2026-03-12,5545.25,DELL TECHNOLOGIES WORKSTATIONS
TXN-10573,2026-03-13,4650.73,DOCUSIGN ENTERPRISE SIGNATURES
TXN-10574,2026-03-14,2255.60,STARBUCKS CORP TEAM CATERING
TXN-10575,2026-03-15,2969.55,WEWORK SOMA HOT DESK ACCESS
TXN-10576,2026-03-16,6567.38,ORACLE CLOUD DATABASE LICENSING
TXN-10577,2026-03-17,2626.13,SLACK TECHNOLOGIES BUSINESS PLUS
TXN-10578,2026-03-18,7360.93,NVIDIA AI ENTERPRISE COMPUTE
TXN-10579,2026-03-19,2703.78,GITHUB ENTERPRISE ORG ACCESS
TXN-10580,2026-03-20,2480.24,FEDEX PRIORITY OVERNIGHT FREIGHT
TXN-10581,2026-03-21,4902.28,ACME CORP PAYROLL MARCH
TXN-10582,2026-03-22,1526.61,ACME CORP HEALTH BENEFITS
TXN-10583,2026-03-23,5882.34,AWS CLOUD SERVICES US-EAST-1
TXN-10584,2026-03-24,1058.99,AWS INFRA S3 STORAGE
TXN-10585,2026-03-25,7664.49,GOOGLE CLOUD PLATFORM COMPUTE
TXN-10586,2026-03-26,1677.98,GOOGLE WORKSPACE ENTERPRISE
TXN-10587,2026-03-27,53.39,UBER TECHNOLOGIES RIDE SHARE
TXN-10588,2026-03-28,4121.94,UBER EATS CLIENT ENTERTAINMENT
TXN-10589,2026-03-01,3808.92,STRIPE PAYMENTS PROCESSING FEE
TXN-10590,2026-03-02,8023.58,MICROSOFT AZURE RESERVED INSTANCE
TXN-10591,2026-03-03,6994.31,SALESFORCE CRM ENTERPRISE SEATS
TXN-10592,2026-03-04,5257.80,DELL TECHNOLOGIES WORKSTATIONS
TXN-10593,2026-03-05,3840.48,DOCUSIGN ENTERPRISE SIGNATURES
TXN-10594,2026-03-06,6999.85,STARBUCKS CORP TEAM CATERING
TXN-10595,2026-03-07,4898.34,WEWORK SOMA HOT DESK ACCESS
TXN-10596,2026-03-08,3208.95,ORACLE CLOUD DATABASE LICENSING
TXN-10597,2026-03-09,6095.14,SLACK TECHNOLOGIES BUSINESS PLUS
TXN-10598,2026-03-10,3758.61,NVIDIA AI ENTERPRISE COMPUTE
TXN-10599,2026-03-11,888.27,GITHUB ENTERPRISE ORG ACCESS
TXN-10600,2026-03-12,6258.52,FEDEX PRIORITY OVERNIGHT FREIGHT
TXN-10601,2026-03-13,2104.25,ACME CORP PAYROLL MARCH
TXN-10602,2026-03-14,6614.31,ACME CORP HEALTH BENEFITS
TXN-10603,2026-03-15,7788.94,AWS CLOUD SERVICES US-EAST-1
TXN-10604,2026-03-16,516.27,AWS INFRA S3 STORAGE
TXN-10605,2026-03-17,4968.14,GOOGLE CLOUD PLATFORM COMPUTE
TXN-10606,2026-03-18,5643.39,GOOGLE WORKSPACE ENTERPRISE
TXN-10607,2026-03-19,4417.16,UBER TECHNOLOGIES RIDE SHARE
TXN-10608,2026-03-20,4282.88,UBER EATS CLIENT ENTERTAINMENT
TXN-10609,2026-03-21,2521.33,STRIPE PAYMENTS PROCESSING FEE
TXN-10610,2026-03-22,2921.40,MICROSOFT AZURE RESERVED INSTANCE
TXN-10611,2026-03-23,3714.60,SALESFORCE CRM ENTERPRISE SEATS
TXN-10612,2026-03-24,7566.28,DELL TECHNOLOGIES WORKSTATIONS
TXN-10613,2026-03-25,6774.84,DOCUSIGN ENTERPRISE SIGNATURES
TXN-10614,2026-03-26,7547.51,STARBUCKS CORP TEAM CATERING
TXN-10615,2026-03-27,3842.65,WEWORK SOMA HOT DESK ACCESS
TXN-10616,2026-03-28,4714.28,ORACLE CLOUD DATABASE LICENSING
TXN-10617,2026-03-01,2941.95,SLACK TECHNOLOGIES BUSINESS PLUS
TXN-10618,2026-03-02,4950.13,NVIDIA AI ENTERPRISE COMPUTE
TXN-10619,2026-03-03,709.47,GITHUB ENTERPRISE ORG ACCESS
TXN-10620,2026-03-04,7528.16,FEDEX PRIORITY OVERNIGHT FREIGHT
TXN-10621,2026-03-05,1299.95,ACME CORP PAYROLL MARCH
TXN-10622,2026-03-06,7434.50,ACME CORP HEALTH BENEFITS
TXN-10623,2026-03-07,3015.47,AWS CLOUD SERVICES US-EAST-1
TXN-10624,2026-03-08,7613.91,AWS INFRA S3 STORAGE
TXN-10625,2026-03-09,2633.52,GOOGLE CLOUD PLATFORM COMPUTE
TXN-10626,2026-03-10,4047.05,GOOGLE WORKSPACE ENTERPRISE
TXN-10627,2026-03-11,5603.54,UBER TECHNOLOGIES RIDE SHARE
TXN-10628,2026-03-12,828.55,UBER EATS CLIENT ENTERTAINMENT
TXN-10629,2026-03-13,6036.13,STRIPE PAYMENTS PROCESSING FEE
TXN-10630,2026-03-14,2505.31,MICROSOFT AZURE RESERVED INSTANCE
TXN-10631,2026-03-15,2119.51,SALESFORCE CRM ENTERPRISE SEATS
TXN-10632,2026-03-16,6031.13,DELL TECHNOLOGIES WORKSTATIONS
TXN-10633,2026-03-17,3216.62,DOCUSIGN ENTERPRISE SIGNATURES
TXN-10634,2026-03-18,3756.34,STARBUCKS CORP TEAM CATERING
TXN-10635,2026-03-19,1326.67,WEWORK SOMA HOT DESK ACCESS
TXN-10636,2026-03-20,5318.48,ORACLE CLOUD DATABASE LICENSING
TXN-10637,2026-03-21,6161.16,SLACK TECHNOLOGIES BUSINESS PLUS
TXN-10638,2026-03-22,6990.54,NVIDIA AI ENTERPRISE COMPUTE
TXN-10639,2026-03-23,1904.12,GITHUB ENTERPRISE ORG ACCESS
TXN-10640,2026-03-24,1268.74,FEDEX PRIORITY OVERNIGHT FREIGHT
TXN-10641,2026-03-25,1457.09,ACME CORP PAYROLL MARCH
TXN-10642,2026-03-26,866.67,ACME CORP HEALTH BENEFITS
TXN-10643,2026-03-27,7631.77,AWS CLOUD SERVICES US-EAST-1
TXN-10644,2026-03-28,3434.35,AWS INFRA S3 STORAGE
TXN-10645,2026-03-01,4157.41,GOOGLE CLOUD PLATFORM COMPUTE
TXN-10646,2026-03-02,6636.34,GOOGLE WORKSPACE ENTERPRISE
TXN-10647,2026-03-03,3951.32,UBER TECHNOLOGIES RIDE SHARE
TXN-10648,2026-03-04,2008.40,UBER EATS CLIENT ENTERTAINMENT
TXN-10649,2026-03-05,4433.54,STRIPE PAYMENTS PROCESSING FEE
TXN-10650,2026-03-06,2799.60,MICROSOFT AZURE RESERVED INSTANCE
TXN-10651,2026-03-07,7173.52,SALESFORCE CRM ENTERPRISE SEATS
TXN-10652,2026-03-08,4721.79,DELL TECHNOLOGIES WORKSTATIONS
TXN-10653,2026-03-09,1728.43,DOCUSIGN ENTERPRISE SIGNATURES
TXN-10654,2026-03-10,7748.24,STARBUCKS CORP TEAM CATERING
TXN-10655,2026-03-11,2036.86,WEWORK SOMA HOT DESK ACCESS
TXN-10656,2026-03-12,4632.98,ORACLE CLOUD DATABASE LICENSING
TXN-10657,2026-03-13,4577.30,SLACK TECHNOLOGIES BUSINESS PLUS
TXN-10658,2026-03-14,1602.21,NVIDIA AI ENTERPRISE COMPUTE
TXN-10659,2026-03-15,823.21,GITHUB ENTERPRISE ORG ACCESS
TXN-10660,2026-03-16,653.87,FEDEX PRIORITY OVERNIGHT FREIGHT
TXN-10661,2026-03-17,6054.62,ACME CORP PAYROLL MARCH
TXN-10662,2026-03-18,6293.15,ACME CORP HEALTH BENEFITS
TXN-10663,2026-03-19,810.30,AWS CLOUD SERVICES US-EAST-1
TXN-10664,2026-03-20,169.36,AWS INFRA S3 STORAGE
TXN-10665,2026-03-21,5973.90,GOOGLE CLOUD PLATFORM COMPUTE
TXN-10666,2026-03-22,2805.10,GOOGLE WORKSPACE ENTERPRISE
TXN-10667,2026-03-23,2278.20,UBER TECHNOLOGIES RIDE SHARE
TXN-10668,2026-03-24,444.78,UBER EATS CLIENT ENTERTAINMENT
TXN-10669,2026-03-25,2521.62,STRIPE PAYMENTS PROCESSING FEE
TXN-10670,2026-03-26,3278.98,MICROSOFT AZURE RESERVED INSTANCE
TXN-10671,2026-03-27,1509.16,SALESFORCE CRM ENTERPRISE SEATS
TXN-10672,2026-03-28,4163.97,DELL TECHNOLOGIES WORKSTATIONS
TXN-10673,2026-03-01,6431.67,DOCUSIGN ENTERPRISE SIGNATURES
TXN-10674,2026-03-02,7871.83,STARBUCKS CORP TEAM CATERING
TXN-10675,2026-03-03,6182.39,WEWORK SOMA HOT DESK ACCESS
TXN-10676,2026-03-04,4052.64,ORACLE CLOUD DATABASE LICENSING
TXN-10677,2026-03-05,2244.83,SLACK TECHNOLOGIES BUSINESS PLUS
TXN-10678,2026-03-06,2002.47,NVIDIA AI ENTERPRISE COMPUTE
TXN-10679,2026-03-07,3394.99,GITHUB ENTERPRISE ORG ACCESS
TXN-10680,2026-03-08,5737.35,FEDEX PRIORITY OVERNIGHT FREIGHT
TXN-10681,2026-03-09,7382.99,ACME CORP PAYROLL MARCH
TXN-10682,2026-03-10,6445.27,ACME CORP HEALTH BENEFITS
TXN-10683,2026-03-11,3462.88,AWS CLOUD SERVICES US-EAST-1
TXN-10684,2026-03-12,780.35,AWS INFRA S3 STORAGE
TXN-10685,2026-03-13,6262.77,GOOGLE CLOUD PLATFORM COMPUTE
TXN-10686,2026-03-14,4489.58,GOOGLE WORKSPACE ENTERPRISE
TXN-10687,2026-03-15,3205.12,UBER TECHNOLOGIES RIDE SHARE
TXN-10688,2026-03-16,4462.29,UBER EATS CLIENT ENTERTAINMENT
TXN-10689,2026-03-17,6085.37,STRIPE PAYMENTS PROCESSING FEE
TXN-10690,2026-03-18,866.16,MICROSOFT AZURE RESERVED INSTANCE
TXN-10691,2026-03-19,3385.41,SALESFORCE CRM ENTERPRISE SEATS
TXN-10692,2026-03-20,4685.57,DELL TECHNOLOGIES WORKSTATIONS
TXN-10693,2026-03-21,800.06,DOCUSIGN ENTERPRISE SIGNATURES
TXN-10694,2026-03-22,7021.24,STARBUCKS CORP TEAM CATERING
TXN-10695,2026-03-23,5501.04,WEWORK SOMA HOT DESK ACCESS
TXN-10696,2026-03-24,4658.42,ORACLE CLOUD DATABASE LICENSING
TXN-10697,2026-03-25,7099.96,SLACK TECHNOLOGIES BUSINESS PLUS
TXN-10698,2026-03-26,2024.06,NVIDIA AI ENTERPRISE COMPUTE
TXN-10699,2026-03-27,6582.50,GITHUB ENTERPRISE ORG ACCESS
TXN-10700,2026-03-28,7988.48,FEDEX PRIORITY OVERNIGHT FREIGHT
TXN-10701,2026-03-01,537.78,ACME CORP PAYROLL MARCH
TXN-10702,2026-03-02,5707.29,ACME CORP HEALTH BENEFITS
TXN-10703,2026-03-03,3142.45,AWS CLOUD SERVICES US-EAST-1
TXN-10704,2026-03-04,596.84,AWS INFRA S3 STORAGE
TXN-10705,2026-03-05,5645.02,GOOGLE CLOUD PLATFORM COMPUTE
TXN-10706,2026-03-06,3551.39,GOOGLE WORKSPACE ENTERPRISE
TXN-10707,2026-03-07,996.93,UBER TECHNOLOGIES RIDE SHARE
TXN-10708,2026-03-08,4853.09,UBER EATS CLIENT ENTERTAINMENT
TXN-10709,2026-03-09,6174.95,STRIPE PAYMENTS PROCESSING FEE
TXN-10710,2026-03-10,6430.11,MICROSOFT AZURE RESERVED INSTANCE
TXN-10711,2026-03-11,5952.18,SALESFORCE CRM ENTERPRISE SEATS
TXN-10712,2026-03-12,1231.60,DELL TECHNOLOGIES WORKSTATIONS
TXN-10713,2026-03-13,6489.14,DOCUSIGN ENTERPRISE SIGNATURES
TXN-10714,2026-03-14,4808.14,STARBUCKS CORP TEAM CATERING
TXN-10715,2026-03-15,333.67,WEWORK SOMA HOT DESK ACCESS
TXN-10716,2026-03-16,3140.64,ORACLE CLOUD DATABASE LICENSING
TXN-10717,2026-03-17,3121.93,SLACK TECHNOLOGIES BUSINESS PLUS
TXN-10718,2026-03-18,5523.93,NVIDIA AI ENTERPRISE COMPUTE
TXN-10719,2026-03-19,579.74,GITHUB ENTERPRISE ORG ACCESS
TXN-10720,2026-03-20,6907.65,FEDEX PRIORITY OVERNIGHT FREIGHT
TXN-10721,2026-03-21,5600.90,ACME CORP PAYROLL MARCH
TXN-10722,2026-03-22,203.30,ACME CORP HEALTH BENEFITS
TXN-10723,2026-03-23,5381.54,AWS CLOUD SERVICES US-EAST-1
TXN-10724,2026-03-24,1000.95,AWS INFRA S3 STORAGE
TXN-10725,2026-03-25,1744.84,GOOGLE CLOUD PLATFORM COMPUTE
TXN-10726,2026-03-26,7699.62,GOOGLE WORKSPACE ENTERPRISE
TXN-10727,2026-03-27,5990.24,UBER TECHNOLOGIES RIDE SHARE
TXN-10728,2026-03-28,221.56,UBER EATS CLIENT ENTERTAINMENT
TXN-10729,2026-03-01,2030.16,STRIPE PAYMENTS PROCESSING FEE
TXN-10730,2026-03-02,7588.08,MICROSOFT AZURE RESERVED INSTANCE
TXN-10731,2026-03-03,2379.91,SALESFORCE CRM ENTERPRISE SEATS
TXN-10732,2026-03-04,3198.12,DELL TECHNOLOGIES WORKSTATIONS
TXN-10733,2026-03-05,4743.80,DOCUSIGN ENTERPRISE SIGNATURES
TXN-10734,2026-03-06,4063.60,STARBUCKS CORP TEAM CATERING
TXN-10735,2026-03-07,3843.58,WEWORK SOMA HOT DESK ACCESS
TXN-10736,2026-03-08,3959.30,ORACLE CLOUD DATABASE LICENSING
TXN-10737,2026-03-09,6916.13,SLACK TECHNOLOGIES BUSINESS PLUS
TXN-10738,2026-03-10,6393.29,NVIDIA AI ENTERPRISE COMPUTE
TXN-10739,2026-03-11,1418.21,GITHUB ENTERPRISE ORG ACCESS
TXN-10740,2026-03-12,5387.49,FEDEX PRIORITY OVERNIGHT FREIGHT
TXN-10741,2026-03-13,5655.38,ACME CORP PAYROLL MARCH
TXN-10742,2026-03-14,49.90,ACME CORP HEALTH BENEFITS
TXN-10743,2026-03-15,2047.05,AWS CLOUD SERVICES US-EAST-1
TXN-10744,2026-03-16,90.39,AWS INFRA S3 STORAGE
TXN-10745,2026-03-17,7174.22,GOOGLE CLOUD PLATFORM COMPUTE
TXN-10746,2026-03-18,5263.50,GOOGLE WORKSPACE ENTERPRISE
TXN-10747,2026-03-19,1683.56,UBER TECHNOLOGIES RIDE SHARE
TXN-10748,2026-03-20,1493.46,UBER EATS CLIENT ENTERTAINMENT
TXN-10749,2026-03-21,6320.87,STRIPE PAYMENTS PROCESSING FEE
TXN-10750,2026-03-22,2525.57,MICROSOFT AZURE RESERVED INSTANCE
TXN-10751,2026-03-23,1507.27,SALESFORCE CRM ENTERPRISE SEATS
TXN-10752,2026-03-24,6365.85,DELL TECHNOLOGIES WORKSTATIONS
TXN-10753,2026-03-25,7972.47,DOCUSIGN ENTERPRISE SIGNATURES
TXN-10754,2026-03-26,1952.45,STARBUCKS CORP TEAM CATERING
TXN-10755,2026-03-27,2188.85,WEWORK SOMA HOT DESK ACCESS
TXN-10756,2026-03-28,3730.00,ORACLE CLOUD DATABASE LICENSING
TXN-10757,2026-03-01,2453.42,SLACK TECHNOLOGIES BUSINESS PLUS
TXN-10758,2026-03-02,4913.58,NVIDIA AI ENTERPRISE COMPUTE
TXN-10759,2026-03-03,1236.97,GITHUB ENTERPRISE ORG ACCESS
TXN-10760,2026-03-04,6670.17,FEDEX PRIORITY OVERNIGHT FREIGHT
TXN-10761,2026-03-05,4456.61,ACME CORP PAYROLL MARCH
TXN-10762,2026-03-06,6634.75,ACME CORP HEALTH BENEFITS
TXN-10763,2026-03-07,4196.92,AWS CLOUD SERVICES US-EAST-1
TXN-10764,2026-03-08,6281.95,AWS INFRA S3 STORAGE
TXN-10765,2026-03-09,4079.50,GOOGLE CLOUD PLATFORM COMPUTE
TXN-10766,2026-03-10,5893.45,GOOGLE WORKSPACE ENTERPRISE
TXN-10767,2026-03-11,3571.62,UBER TECHNOLOGIES RIDE SHARE
TXN-10768,2026-03-12,3574.50,UBER EATS CLIENT ENTERTAINMENT
TXN-10769,2026-03-13,4882.03,STRIPE PAYMENTS PROCESSING FEE
TXN-10770,2026-03-14,7777.52,MICROSOFT AZURE RESERVED INSTANCE
TXN-10771,2026-03-15,5755.79,SALESFORCE CRM ENTERPRISE SEATS
TXN-10772,2026-03-16,4500.43,DELL TECHNOLOGIES WORKSTATIONS
TXN-10773,2026-03-17,3054.91,DOCUSIGN ENTERPRISE SIGNATURES
TXN-10774,2026-03-18,4553.53,STARBUCKS CORP TEAM CATERING
TXN-10775,2026-03-19,5281.18,WEWORK SOMA HOT DESK ACCESS
TXN-10776,2026-03-20,3724.52,ORACLE CLOUD DATABASE LICENSING
TXN-10777,2026-03-21,3310.31,SLACK TECHNOLOGIES BUSINESS PLUS
TXN-10778,2026-03-22,2876.17,NVIDIA AI ENTERPRISE COMPUTE
TXN-10779,2026-03-23,1862.79,GITHUB ENTERPRISE ORG ACCESS
TXN-10780,2026-03-24,4232.78,FEDEX PRIORITY OVERNIGHT FREIGHT
TXN-10781,2026-03-25,7097.35,ACME CORP PAYROLL MARCH
TXN-10782,2026-03-26,5998.43,ACME CORP HEALTH BENEFITS
TXN-10783,2026-03-27,2981.72,AWS CLOUD SERVICES US-EAST-1
TXN-10784,2026-03-28,3962.37,AWS INFRA S3 STORAGE
TXN-10785,2026-03-01,6299.86,GOOGLE CLOUD PLATFORM COMPUTE
TXN-10786,2026-03-02,3202.72,GOOGLE WORKSPACE ENTERPRISE
TXN-10787,2026-03-03,3333.69,UBER TECHNOLOGIES RIDE SHARE
TXN-10788,2026-03-04,7922.23,UBER EATS CLIENT ENTERTAINMENT
TXN-10789,2026-03-05,2746.63,STRIPE PAYMENTS PROCESSING FEE
TXN-10790,2026-03-06,6484.19,MICROSOFT AZURE RESERVED INSTANCE
TXN-10791,2026-03-07,4424.38,SALESFORCE CRM ENTERPRISE SEATS
TXN-10792,2026-03-08,6672.32,DELL TECHNOLOGIES WORKSTATIONS
TXN-10793,2026-03-09,5829.29,DOCUSIGN ENTERPRISE SIGNATURES
TXN-10794,2026-03-10,4578.36,STARBUCKS CORP TEAM CATERING
TXN-10795,2026-03-11,3448.09,WEWORK SOMA HOT DESK ACCESS
TXN-10796,2026-03-12,7603.70,ORACLE CLOUD DATABASE LICENSING
TXN-10797,2026-03-13,4982.53,SLACK TECHNOLOGIES BUSINESS PLUS
TXN-10798,2026-03-14,2108.03,NVIDIA AI ENTERPRISE COMPUTE
TXN-10799,2026-03-15,7278.33,GITHUB ENTERPRISE ORG ACCESS
TXN-10800,2026-03-16,973.51,FEDEX PRIORITY OVERNIGHT FREIGHT
TXN-10801,2026-03-17,4269.49,ACME CORP PAYROLL MARCH
TXN-10802,2026-03-18,5684.62,ACME CORP HEALTH BENEFITS
TXN-10803,2026-03-19,346.53,AWS CLOUD SERVICES US-EAST-1
TXN-10804,2026-03-20,6690.08,AWS INFRA S3 STORAGE
TXN-10805,2026-03-21,4043.92,GOOGLE CLOUD PLATFORM COMPUTE
TXN-10806,2026-03-22,7007.00,GOOGLE WORKSPACE ENTERPRISE
TXN-10807,2026-03-23,4263.88,UBER TECHNOLOGIES RIDE SHARE
TXN-10808,2026-03-24,3050.15,UBER EATS CLIENT ENTERTAINMENT
TXN-10809,2026-03-25,4518.31,STRIPE PAYMENTS PROCESSING FEE
TXN-10810,2026-03-26,3774.43,MICROSOFT AZURE RESERVED INSTANCE
TXN-10811,2026-03-27,2727.24,SALESFORCE CRM ENTERPRISE SEATS
TXN-10812,2026-03-28,7457.13,DELL TECHNOLOGIES WORKSTATIONS
TXN-10813,2026-03-01,2090.43,DOCUSIGN ENTERPRISE SIGNATURES
TXN-10814,2026-03-02,6577.23,STARBUCKS CORP TEAM CATERING
TXN-10815,2026-03-03,6545.59,WEWORK SOMA HOT DESK ACCESS
TXN-10816,2026-03-04,3047.75,ORACLE CLOUD DATABASE LICENSING
TXN-10817,2026-03-05,6165.04,SLACK TECHNOLOGIES BUSINESS PLUS
TXN-10818,2026-03-06,4371.06,NVIDIA AI ENTERPRISE COMPUTE
TXN-10819,2026-03-07,6980.96,GITHUB ENTERPRISE ORG ACCESS
TXN-10820,2026-03-08,3564.67,FEDEX PRIORITY OVERNIGHT FREIGHT
TXN-10821,2026-03-09,6837.43,ACME CORP PAYROLL MARCH
TXN-10822,2026-03-10,1549.87,ACME CORP HEALTH BENEFITS
TXN-10823,2026-03-11,7093.66,AWS CLOUD SERVICES US-EAST-1
TXN-10824,2026-03-12,7349.25,AWS INFRA S3 STORAGE
TXN-10825,2026-03-13,344.87,GOOGLE CLOUD PLATFORM COMPUTE
TXN-10826,2026-03-14,7663.64,GOOGLE WORKSPACE ENTERPRISE
TXN-10827,2026-03-15,1487.26,UBER TECHNOLOGIES RIDE SHARE
TXN-10828,2026-03-16,6550.30,UBER EATS CLIENT ENTERTAINMENT
TXN-10829,2026-03-17,3649.55,STRIPE PAYMENTS PROCESSING FEE
TXN-10830,2026-03-18,4574.43,MICROSOFT AZURE RESERVED INSTANCE
TXN-10831,2026-03-19,7004.23,SALESFORCE CRM ENTERPRISE SEATS
TXN-10832,2026-03-20,4954.59,DELL TECHNOLOGIES WORKSTATIONS
TXN-10833,2026-03-21,1463.26,DOCUSIGN ENTERPRISE SIGNATURES
TXN-10834,2026-03-22,6219.81,STARBUCKS CORP TEAM CATERING
TXN-10835,2026-03-23,3344.87,WEWORK SOMA HOT DESK ACCESS
TXN-10836,2026-03-24,3159.07,ORACLE CLOUD DATABASE LICENSING
TXN-10837,2026-03-25,4099.79,SLACK TECHNOLOGIES BUSINESS PLUS
TXN-10838,2026-03-26,3274.92,NVIDIA AI ENTERPRISE COMPUTE
TXN-10839,2026-03-27,3404.17,GITHUB ENTERPRISE ORG ACCESS
TXN-10840,2026-03-28,7651.86,FEDEX PRIORITY OVERNIGHT FREIGHT
TXN-10841,2026-03-01,298.55,ACME CORP PAYROLL MARCH
TXN-10842,2026-03-02,4978.05,ACME CORP HEALTH BENEFITS
TXN-10843,2026-03-03,1045.96,AWS CLOUD SERVICES US-EAST-1
TXN-10844,2026-03-04,7468.45,AWS INFRA S3 STORAGE
TXN-10845,2026-03-05,4515.86,GOOGLE CLOUD PLATFORM COMPUTE
TXN-10846,2026-03-06,7754.68,GOOGLE WORKSPACE ENTERPRISE
TXN-10847,2026-03-07,3022.50,UBER TECHNOLOGIES RIDE SHARE
TXN-10848,2026-03-08,4652.15,UBER EATS CLIENT ENTERTAINMENT
TXN-10849,2026-03-09,4340.44,STRIPE PAYMENTS PROCESSING FEE
TXN-10850,2026-03-10,4916.67,MICROSOFT AZURE RESERVED INSTANCE
TXN-10851,2026-03-11,5911.36,SALESFORCE CRM ENTERPRISE SEATS
TXN-10852,2026-03-12,3196.23,DELL TECHNOLOGIES WORKSTATIONS
TXN-10853,2026-03-13,2195.41,DOCUSIGN ENTERPRISE SIGNATURES
TXN-10854,2026-03-14,5818.81,STARBUCKS CORP TEAM CATERING
TXN-10855,2026-03-15,7650.91,WEWORK SOMA HOT DESK ACCESS
TXN-10856,2026-03-16,5330.87,ORACLE CLOUD DATABASE LICENSING
TXN-10857,2026-03-17,1306.13,SLACK TECHNOLOGIES BUSINESS PLUS
TXN-10858,2026-03-18,6689.37,NVIDIA AI ENTERPRISE COMPUTE
TXN-10859,2026-03-19,2863.87,GITHUB ENTERPRISE ORG ACCESS
TXN-10860,2026-03-20,4355.68,FEDEX PRIORITY OVERNIGHT FREIGHT
TXN-10861,2026-03-21,976.30,ACME CORP PAYROLL MARCH
TXN-10862,2026-03-22,3438.57,ACME CORP HEALTH BENEFITS
TXN-10863,2026-03-23,1013.07,AWS CLOUD SERVICES US-EAST-1
TXN-10864,2026-03-24,6374.47,AWS INFRA S3 STORAGE
TXN-10865,2026-03-25,5053.52,GOOGLE CLOUD PLATFORM COMPUTE
TXN-10866,2026-03-26,5898.90,GOOGLE WORKSPACE ENTERPRISE
TXN-10867,2026-03-27,3346.40,UBER TECHNOLOGIES RIDE SHARE
TXN-10868,2026-03-28,3458.81,UBER EATS CLIENT ENTERTAINMENT
TXN-10869,2026-03-01,8022.61,STRIPE PAYMENTS PROCESSING FEE
TXN-10870,2026-03-02,7983.16,MICROSOFT AZURE RESERVED INSTANCE
TXN-10871,2026-03-03,3318.62,SALESFORCE CRM ENTERPRISE SEATS
TXN-10872,2026-03-04,4484.03,DELL TECHNOLOGIES WORKSTATIONS
TXN-10873,2026-03-05,2723.90,DOCUSIGN ENTERPRISE SIGNATURES
TXN-10874,2026-03-06,2355.95,STARBUCKS CORP TEAM CATERING
TXN-10875,2026-03-07,2739.35,WEWORK SOMA HOT DESK ACCESS
TXN-10876,2026-03-08,5409.64,ORACLE CLOUD DATABASE LICENSING
TXN-10877,2026-03-09,3671.17,SLACK TECHNOLOGIES BUSINESS PLUS
TXN-10878,2026-03-10,6049.77,NVIDIA AI ENTERPRISE COMPUTE
TXN-10879,2026-03-11,2380.10,GITHUB ENTERPRISE ORG ACCESS
TXN-10880,2026-03-12,1131.02,FEDEX PRIORITY OVERNIGHT FREIGHT
TXN-10881,2026-03-13,7809.42,ACME CORP PAYROLL MARCH
TXN-10882,2026-03-14,5619.31,ACME CORP HEALTH BENEFITS
TXN-10883,2026-03-15,5287.62,AWS CLOUD SERVICES US-EAST-1
TXN-10884,2026-03-16,7231.28,AWS INFRA S3 STORAGE
TXN-10885,2026-03-17,7035.28,GOOGLE CLOUD PLATFORM COMPUTE
TXN-10886,2026-03-18,3491.87,GOOGLE WORKSPACE ENTERPRISE
TXN-10887,2026-03-19,1882.07,UBER TECHNOLOGIES RIDE SHARE
TXN-10888,2026-03-20,5062.03,UBER EATS CLIENT ENTERTAINMENT
TXN-10889,2026-03-21,2276.99,STRIPE PAYMENTS PROCESSING FEE
TXN-10890,2026-03-22,127.01,MICROSOFT AZURE RESERVED INSTANCE
TXN-10891,2026-03-23,4361.15,SALESFORCE CRM ENTERPRISE SEATS
TXN-10892,2026-03-24,5145.17,DELL TECHNOLOGIES WORKSTATIONS
TXN-10893,2026-03-25,6975.25,DOCUSIGN ENTERPRISE SIGNATURES
TXN-10894,2026-03-26,5421.38,STARBUCKS CORP TEAM CATERING
TXN-10895,2026-03-27,6732.50,WEWORK SOMA HOT DESK ACCESS
TXN-10896,2026-03-28,1799.13,ORACLE CLOUD DATABASE LICENSING
TXN-10897,2026-03-01,5009.69,SLACK TECHNOLOGIES BUSINESS PLUS
TXN-10898,2026-03-02,1440.41,NVIDIA AI ENTERPRISE COMPUTE
TXN-10899,2026-03-03,2299.22,GITHUB ENTERPRISE ORG ACCESS
TXN-10900,2026-03-04,5982.11,FEDEX PRIORITY OVERNIGHT FREIGHT
TXN-10901,2026-03-05,407.17,ACME CORP PAYROLL MARCH
TXN-10902,2026-03-06,5121.58,ACME CORP HEALTH BENEFITS
TXN-10903,2026-03-07,7398.58,AWS CLOUD SERVICES US-EAST-1
TXN-10904,2026-03-08,4283.58,AWS INFRA S3 STORAGE
TXN-10905,2026-03-09,5912.50,GOOGLE CLOUD PLATFORM COMPUTE
TXN-10906,2026-03-10,7258.92,GOOGLE WORKSPACE ENTERPRISE
TXN-10907,2026-03-11,4994.71,UBER TECHNOLOGIES RIDE SHARE
TXN-10908,2026-03-12,449.02,UBER EATS CLIENT ENTERTAINMENT
TXN-10909,2026-03-13,7212.94,STRIPE PAYMENTS PROCESSING FEE
TXN-10910,2026-03-14,4864.19,MICROSOFT AZURE RESERVED INSTANCE
TXN-10911,2026-03-15,6366.76,SALESFORCE CRM ENTERPRISE SEATS
TXN-10912,2026-03-16,6547.71,DELL TECHNOLOGIES WORKSTATIONS
TXN-10913,2026-03-17,7230.40,DOCUSIGN ENTERPRISE SIGNATURES
TXN-10914,2026-03-18,2775.24,STARBUCKS CORP TEAM CATERING
TXN-10915,2026-03-19,2180.94,WEWORK SOMA HOT DESK ACCESS
TXN-10916,2026-03-20,1935.96,ORACLE CLOUD DATABASE LICENSING
TXN-10917,2026-03-21,6348.82,SLACK TECHNOLOGIES BUSINESS PLUS
TXN-10918,2026-03-22,6485.03,NVIDIA AI ENTERPRISE COMPUTE
TXN-10919,2026-03-23,4887.86,GITHUB ENTERPRISE ORG ACCESS
TXN-10920,2026-03-24,3624.33,FEDEX PRIORITY OVERNIGHT FREIGHT
TXN-10921,2026-03-25,4307.85,ACME CORP PAYROLL MARCH
TXN-10922,2026-03-26,7049.37,ACME CORP HEALTH BENEFITS
TXN-10923,2026-03-27,7868.40,AWS CLOUD SERVICES US-EAST-1
TXN-10924,2026-03-28,7825.39,AWS INFRA S3 STORAGE
TXN-10925,2026-03-01,4028.29,GOOGLE CLOUD PLATFORM COMPUTE
TXN-10926,2026-03-02,5032.53,GOOGLE WORKSPACE ENTERPRISE
TXN-10927,2026-03-03,2174.73,UBER TECHNOLOGIES RIDE SHARE
TXN-10928,2026-03-04,7461.00,UBER EATS CLIENT ENTERTAINMENT
TXN-10929,2026-03-05,4716.53,STRIPE PAYMENTS PROCESSING FEE
TXN-10930,2026-03-06,7442.81,MICROSOFT AZURE RESERVED INSTANCE
TXN-10931,2026-03-07,2419.21,SALESFORCE CRM ENTERPRISE SEATS
TXN-10932,2026-03-08,4046.40,DELL TECHNOLOGIES WORKSTATIONS
TXN-10933,2026-03-09,2229.38,DOCUSIGN ENTERPRISE SIGNATURES
TXN-10934,2026-03-10,2628.02,STARBUCKS CORP TEAM CATERING
TXN-10935,2026-03-11,7303.79,WEWORK SOMA HOT DESK ACCESS
TXN-10936,2026-03-12,7473.26,ORACLE CLOUD DATABASE LICENSING
TXN-10937,2026-03-13,2900.40,SLACK TECHNOLOGIES BUSINESS PLUS
TXN-10938,2026-03-14,58.68,NVIDIA AI ENTERPRISE COMPUTE
TXN-10939,2026-03-15,1838.85,GITHUB ENTERPRISE ORG ACCESS
TXN-10940,2026-03-16,7105.76,FEDEX PRIORITY OVERNIGHT FREIGHT
TXN-10941,2026-03-17,6011.59,ACME CORP PAYROLL MARCH
TXN-10942,2026-03-18,1635.08,ACME CORP HEALTH BENEFITS
TXN-10943,2026-03-19,7349.02,AWS CLOUD SERVICES US-EAST-1
TXN-10944,2026-03-20,7120.85,AWS INFRA S3 STORAGE
TXN-10945,2026-03-21,1224.34,GOOGLE CLOUD PLATFORM COMPUTE
TXN-10946,2026-03-22,2780.83,GOOGLE WORKSPACE ENTERPRISE
TXN-10947,2026-03-23,3220.05,UBER TECHNOLOGIES RIDE SHARE
TXN-10948,2026-03-24,2280.62,UBER EATS CLIENT ENTERTAINMENT
TXN-10949,2026-03-25,1174.31,STRIPE PAYMENTS PROCESSING FEE
TXN-10950,2026-03-26,3551.33,MICROSOFT AZURE RESERVED INSTANCE
TXN-10951,2026-03-27,2380.75,SALESFORCE CRM ENTERPRISE SEATS
TXN-10952,2026-03-28,7661.54,DELL TECHNOLOGIES WORKSTATIONS
TXN-10953,2026-03-01,5067.16,DOCUSIGN ENTERPRISE SIGNATURES
TXN-10954,2026-03-02,4638.62,STARBUCKS CORP TEAM CATERING
TXN-10955,2026-03-03,7585.77,WEWORK SOMA HOT DESK ACCESS
TXN-10956,2026-03-04,577.49,ORACLE CLOUD DATABASE LICENSING
TXN-10957,2026-03-05,1365.91,SLACK TECHNOLOGIES BUSINESS PLUS
TXN-10958,2026-03-06,5679.55,NVIDIA AI ENTERPRISE COMPUTE
TXN-10959,2026-03-07,1790.48,GITHUB ENTERPRISE ORG ACCESS
TXN-10960,2026-03-08,1857.46,FEDEX PRIORITY OVERNIGHT FREIGHT
TXN-10961,2026-03-09,7713.80,ACME CORP PAYROLL MARCH
TXN-10962,2026-03-10,2805.33,ACME CORP HEALTH BENEFITS
TXN-10963,2026-03-11,912.70,AWS CLOUD SERVICES US-EAST-1
TXN-10964,2026-03-12,1520.42,AWS INFRA S3 STORAGE
TXN-10965,2026-03-13,262.48,GOOGLE CLOUD PLATFORM COMPUTE
TXN-10966,2026-03-14,6357.43,GOOGLE WORKSPACE ENTERPRISE
TXN-10967,2026-03-15,2911.22,UBER TECHNOLOGIES RIDE SHARE
TXN-10968,2026-03-16,6662.69,UBER EATS CLIENT ENTERTAINMENT
TXN-10969,2026-03-17,5345.33,STRIPE PAYMENTS PROCESSING FEE
TXN-10970,2026-03-18,3643.36,MICROSOFT AZURE RESERVED INSTANCE
TXN-10971,2026-03-19,6311.59,SALESFORCE CRM ENTERPRISE SEATS
TXN-10972,2026-03-20,7925.13,DELL TECHNOLOGIES WORKSTATIONS
TXN-10973,2026-03-21,2066.77,DOCUSIGN ENTERPRISE SIGNATURES
TXN-10974,2026-03-22,1234.86,STARBUCKS CORP TEAM CATERING
TXN-10975,2026-03-23,3158.33,WEWORK SOMA HOT DESK ACCESS
TXN-10976,2026-03-24,497.29,ORACLE CLOUD DATABASE LICENSING
TXN-10977,2026-03-25,4371.21,SLACK TECHNOLOGIES BUSINESS PLUS
TXN-10978,2026-03-26,1136.06,NVIDIA AI ENTERPRISE COMPUTE
TXN-10979,2026-03-27,1400.94,GITHUB ENTERPRISE ORG ACCESS
TXN-10980,2026-03-28,4115.39,FEDEX PRIORITY OVERNIGHT FREIGHT
TXN-10981,2026-03-01,1152.36,ACME CORP PAYROLL MARCH
TXN-10982,2026-03-02,3861.58,ACME CORP HEALTH BENEFITS
TXN-10983,2026-03-03,4170.08,AWS CLOUD SERVICES US-EAST-1
TXN-10984,2026-03-04,6582.58,AWS INFRA S3 STORAGE
TXN-10985,2026-03-05,2878.62,GOOGLE CLOUD PLATFORM COMPUTE
TXN-10986,2026-03-06,2545.25,GOOGLE WORKSPACE ENTERPRISE
TXN-10987,2026-03-07,3311.91,UBER TECHNOLOGIES RIDE SHARE
TXN-10988,2026-03-08,5007.48,UBER EATS CLIENT ENTERTAINMENT
TXN-10989,2026-03-09,6164.11,STRIPE PAYMENTS PROCESSING FEE
TXN-10990,2026-03-10,6810.68,MICROSOFT AZURE RESERVED INSTANCE
TXN-10991,2026-03-11,790.56,SALESFORCE CRM ENTERPRISE SEATS
TXN-10992,2026-03-12,1626.41,DELL TECHNOLOGIES WORKSTATIONS
TXN-10993,2026-03-13,3796.49,DOCUSIGN ENTERPRISE SIGNATURES
TXN-10994,2026-03-14,4756.97,STARBUCKS CORP TEAM CATERING
TXN-10995,2026-03-15,5086.50,WEWORK SOMA HOT DESK ACCESS
TXN-10996,2026-03-16,1489.86,ORACLE CLOUD DATABASE LICENSING
TXN-10997,2026-03-17,921.29,SLACK TECHNOLOGIES BUSINESS PLUS
TXN-10998,2026-03-18,6697.01,NVIDIA AI ENTERPRISE COMPUTE
TXN-10999,2026-03-19,7318.99,GITHUB ENTERPRISE ORG ACCESS
TXN-11000,2026-03-20,970.94,FEDEX PRIORITY OVERNIGHT FREIGHT
TXN-11001,2026-03-21,5231.64,ACME CORP PAYROLL MARCH
TXN-11002,2026-03-22,4556.44,ACME CORP HEALTH BENEFITS
TXN-11003,2026-03-23,7882.54,AWS CLOUD SERVICES US-EAST-1
TXN-11004,2026-03-24,2517.65,AWS INFRA S3 STORAGE
TXN-11005,2026-03-25,4036.51,GOOGLE CLOUD PLATFORM COMPUTE
TXN-11006,2026-03-26,1009.43,GOOGLE WORKSPACE ENTERPRISE
TXN-11007,2026-03-27,2901.54,UBER TECHNOLOGIES RIDE SHARE
TXN-11008,2026-03-28,1862.90,UBER EATS CLIENT ENTERTAINMENT
TXN-11009,2026-03-01,1409.52,STRIPE PAYMENTS PROCESSING FEE
TXN-11010,2026-03-02,1923.40,MICROSOFT AZURE RESERVED INSTANCE
TXN-11011,2026-03-03,7252.23,SALESFORCE CRM ENTERPRISE SEATS
TXN-11012,2026-03-04,804.42,DELL TECHNOLOGIES WORKSTATIONS
TXN-11013,2026-03-05,843.46,DOCUSIGN ENTERPRISE SIGNATURES
TXN-11014,2026-03-06,5782.79,STARBUCKS CORP TEAM CATERING
TXN-11015,2026-03-07,7186.82,WEWORK SOMA HOT DESK ACCESS
TXN-11016,2026-03-08,4359.49,ORACLE CLOUD DATABASE LICENSING
TXN-11017,2026-03-09,2028.72,SLACK TECHNOLOGIES BUSINESS PLUS
TXN-11018,2026-03-10,6175.69,NVIDIA AI ENTERPRISE COMPUTE
TXN-11019,2026-03-11,6487.34,GITHUB ENTERPRISE ORG ACCESS
TXN-11020,2026-03-12,7705.54,FEDEX PRIORITY OVERNIGHT FREIGHT
TXN-11021,2026-03-13,5312.22,ACME CORP PAYROLL MARCH
TXN-11022,2026-03-14,4234.60,ACME CORP HEALTH BENEFITS
TXN-11023,2026-03-15,3916.25,AWS CLOUD SERVICES US-EAST-1
TXN-11024,2026-03-16,3961.78,AWS INFRA S3 STORAGE
TXN-11025,2026-03-17,3485.23,GOOGLE CLOUD PLATFORM COMPUTE
TXN-11026,2026-03-18,3071.37,GOOGLE WORKSPACE ENTERPRISE
TXN-11027,2026-03-19,116.34,UBER TECHNOLOGIES RIDE SHARE
TXN-11028,2026-03-20,6892.63,UBER EATS CLIENT ENTERTAINMENT
TXN-11029,2026-03-21,5707.17,STRIPE PAYMENTS PROCESSING FEE
TXN-11030,2026-03-22,2241.10,MICROSOFT AZURE RESERVED INSTANCE
TXN-11031,2026-03-23,144.64,SALESFORCE CRM ENTERPRISE SEATS
TXN-11032,2026-03-24,7448.55,DELL TECHNOLOGIES WORKSTATIONS
TXN-11033,2026-03-25,3099.51,DOCUSIGN ENTERPRISE SIGNATURES
TXN-11034,2026-03-26,5196.06,STARBUCKS CORP TEAM CATERING
TXN-11035,2026-03-27,7172.30,WEWORK SOMA HOT DESK ACCESS
TXN-11036,2026-03-28,4840.83,ORACLE CLOUD DATABASE LICENSING
TXN-11037,2026-03-01,6947.73,SLACK TECHNOLOGIES BUSINESS PLUS
TXN-11038,2026-03-02,1101.23,NVIDIA AI ENTERPRISE COMPUTE
TXN-11039,2026-03-03,6131.92,GITHUB ENTERPRISE ORG ACCESS
TXN-11040,2026-03-04,7857.21,FEDEX PRIORITY OVERNIGHT FREIGHT
TXN-11041,2026-03-05,1879.62,ACME CORP PAYROLL MARCH
TXN-11042,2026-03-06,6171.90,ACME CORP HEALTH BENEFITS
TXN-11043,2026-03-07,5223.88,AWS CLOUD SERVICES US-EAST-1
TXN-11044,2026-03-08,1384.90,AWS INFRA S3 STORAGE
TXN-11045,2026-03-09,779.25,GOOGLE CLOUD PLATFORM COMPUTE
TXN-11046,2026-03-10,2730.22,GOOGLE WORKSPACE ENTERPRISE
TXN-11047,2026-03-11,1359.60,UBER TECHNOLOGIES RIDE SHARE
TXN-11048,2026-03-12,1165.57,UBER EATS CLIENT ENTERTAINMENT
TXN-11049,2026-03-13,1700.25,STRIPE PAYMENTS PROCESSING FEE
TXN-11050,2026-03-14,5148.63,MICROSOFT AZURE RESERVED INSTANCE
TXN-11051,2026-03-15,7136.26,SALESFORCE CRM ENTERPRISE SEATS
TXN-11052,2026-03-16,294.02,DELL TECHNOLOGIES WORKSTATIONS
TXN-11053,2026-03-17,6442.18,DOCUSIGN ENTERPRISE SIGNATURES
TXN-11054,2026-03-18,5756.29,STARBUCKS CORP TEAM CATERING
TXN-11055,2026-03-19,4097.44,WEWORK SOMA HOT DESK ACCESS
TXN-11056,2026-03-20,80.20,ORACLE CLOUD DATABASE LICENSING
TXN-11057,2026-03-21,5095.63,SLACK TECHNOLOGIES BUSINESS PLUS
TXN-11058,2026-03-22,3792.23,NVIDIA AI ENTERPRISE COMPUTE
TXN-11059,2026-03-23,7866.40,GITHUB ENTERPRISE ORG ACCESS
TXN-11060,2026-03-24,4025.04,FEDEX PRIORITY OVERNIGHT FREIGHT
TXN-11061,2026-03-25,3529.39,ACME CORP PAYROLL MARCH
TXN-11062,2026-03-26,7374.84,ACME CORP HEALTH BENEFITS
TXN-11063,2026-03-27,4606.46,AWS CLOUD SERVICES US-EAST-1
TXN-11064,2026-03-28,3924.23,AWS INFRA S3 STORAGE
TXN-11065,2026-03-01,2990.77,GOOGLE CLOUD PLATFORM COMPUTE
TXN-11066,2026-03-02,6678.19,GOOGLE WORKSPACE ENTERPRISE
TXN-11067,2026-03-03,268.23,UBER TECHNOLOGIES RIDE SHARE
TXN-11068,2026-03-04,7022.70,UBER EATS CLIENT ENTERTAINMENT
TXN-11069,2026-03-05,1266.08,STRIPE PAYMENTS PROCESSING FEE
TXN-11070,2026-03-06,3170.98,MICROSOFT AZURE RESERVED INSTANCE
TXN-11071,2026-03-07,3189.57,SALESFORCE CRM ENTERPRISE SEATS
TXN-11072,2026-03-08,3162.21,DELL TECHNOLOGIES WORKSTATIONS
TXN-11073,2026-03-09,6831.02,DOCUSIGN ENTERPRISE SIGNATURES
TXN-11074,2026-03-10,4077.31,STARBUCKS CORP TEAM CATERING
TXN-11075,2026-03-11,32.82,WEWORK SOMA HOT DESK ACCESS
TXN-11076,2026-03-12,3832.47,ORACLE CLOUD DATABASE LICENSING
TXN-11077,2026-03-13,3789.99,SLACK TECHNOLOGIES BUSINESS PLUS
TXN-11078,2026-03-14,4218.55,NVIDIA AI ENTERPRISE COMPUTE
TXN-11079,2026-03-15,3179.59,GITHUB ENTERPRISE ORG ACCESS
TXN-11080,2026-03-16,4142.07,FEDEX PRIORITY OVERNIGHT FREIGHT
TXN-11081,2026-03-17,6579.16,ACME CORP PAYROLL MARCH
TXN-11082,2026-03-18,1542.08,ACME CORP HEALTH BENEFITS
TXN-11083,2026-03-19,2399.92,AWS CLOUD SERVICES US-EAST-1
TXN-11084,2026-03-20,5523.22,AWS INFRA S3 STORAGE
TXN-11085,2026-03-21,139.91,GOOGLE CLOUD PLATFORM COMPUTE
TXN-11086,2026-03-22,1034.48,GOOGLE WORKSPACE ENTERPRISE
TXN-11087,2026-03-23,1129.38,UBER TECHNOLOGIES RIDE SHARE
TXN-11088,2026-03-24,3368.72,UBER EATS CLIENT ENTERTAINMENT
TXN-11089,2026-03-25,1843.15,STRIPE PAYMENTS PROCESSING FEE
TXN-11090,2026-03-26,7806.69,MICROSOFT AZURE RESERVED INSTANCE
TXN-11091,2026-03-27,5211.64,SALESFORCE CRM ENTERPRISE SEATS
TXN-11092,2026-03-28,251.68,DELL TECHNOLOGIES WORKSTATIONS
TXN-11093,2026-03-01,1571.28,DOCUSIGN ENTERPRISE SIGNATURES
TXN-11094,2026-03-02,4565.95,STARBUCKS CORP TEAM CATERING
TXN-11095,2026-03-03,6002.71,WEWORK SOMA HOT DESK ACCESS
TXN-11096,2026-03-04,6283.10,ORACLE CLOUD DATABASE LICENSING
TXN-11097,2026-03-05,2331.27,SLACK TECHNOLOGIES BUSINESS PLUS
TXN-11098,2026-03-06,5067.82,NVIDIA AI ENTERPRISE COMPUTE
TXN-11099,2026-03-07,232.80,GITHUB ENTERPRISE ORG ACCESS
TXN-11100,2026-03-08,4831.20,FEDEX PRIORITY OVERNIGHT FREIGHT
TXN-11101,2026-03-09,7260.60,ACME CORP PAYROLL MARCH
TXN-11102,2026-03-10,1830.22,ACME CORP HEALTH BENEFITS
TXN-11103,2026-03-11,1215.40,AWS CLOUD SERVICES US-EAST-1
TXN-11104,2026-03-12,2409.89,AWS INFRA S3 STORAGE
TXN-11105,2026-03-13,3262.81,GOOGLE CLOUD PLATFORM COMPUTE
TXN-11106,2026-03-14,1528.61,GOOGLE WORKSPACE ENTERPRISE
TXN-11107,2026-03-15,2895.47,UBER TECHNOLOGIES RIDE SHARE
TXN-11108,2026-03-16,2328.10,UBER EATS CLIENT ENTERTAINMENT
TXN-11109,2026-03-17,2018.60,STRIPE PAYMENTS PROCESSING FEE
TXN-11110,2026-03-18,3169.15,MICROSOFT AZURE RESERVED INSTANCE
TXN-11111,2026-03-19,2298.26,SALESFORCE CRM ENTERPRISE SEATS
TXN-11112,2026-03-20,4951.24,DELL TECHNOLOGIES WORKSTATIONS
TXN-11113,2026-03-21,2636.15,DOCUSIGN ENTERPRISE SIGNATURES
TXN-11114,2026-03-22,2171.76,STARBUCKS CORP TEAM CATERING
TXN-11115,2026-03-23,4428.92,WEWORK SOMA HOT DESK ACCESS
TXN-11116,2026-03-24,6005.05,ORACLE CLOUD DATABASE LICENSING
TXN-11117,2026-03-25,2613.32,SLACK TECHNOLOGIES BUSINESS PLUS
TXN-11118,2026-03-26,1532.37,NVIDIA AI ENTERPRISE COMPUTE
TXN-11119,2026-03-27,6175.79,GITHUB ENTERPRISE ORG ACCESS
TXN-11120,2026-03-28,1367.08,FEDEX PRIORITY OVERNIGHT FREIGHT
TXN-11121,2026-03-01,5491.70,ACME CORP PAYROLL MARCH
TXN-11122,2026-03-02,1124.09,ACME CORP HEALTH BENEFITS
TXN-11123,2026-03-03,1807.66,AWS CLOUD SERVICES US-EAST-1
TXN-11124,2026-03-04,1494.66,AWS INFRA S3 STORAGE
TXN-11125,2026-03-05,7703.23,GOOGLE CLOUD PLATFORM COMPUTE
TXN-11126,2026-03-06,4687.80,GOOGLE WORKSPACE ENTERPRISE
TXN-11127,2026-03-07,4213.07,UBER TECHNOLOGIES RIDE SHARE
TXN-11128,2026-03-08,2282.07,UBER EATS CLIENT ENTERTAINMENT
TXN-11129,2026-03-09,3823.99,STRIPE PAYMENTS PROCESSING FEE
TXN-11130,2026-03-10,6141.59,MICROSOFT AZURE RESERVED INSTANCE
TXN-11131,2026-03-11,7746.44,SALESFORCE CRM ENTERPRISE SEATS
TXN-11132,2026-03-12,7683.40,DELL TECHNOLOGIES WORKSTATIONS
TXN-11133,2026-03-13,344.44,DOCUSIGN ENTERPRISE SIGNATURES
TXN-11134,2026-03-14,481.85,STARBUCKS CORP TEAM CATERING
TXN-11135,2026-03-15,2631.89,WEWORK SOMA HOT DESK ACCESS
TXN-11136,2026-03-16,7214.78,ORACLE CLOUD DATABASE LICENSING
TXN-11137,2026-03-17,4501.31,SLACK TECHNOLOGIES BUSINESS PLUS
TXN-11138,2026-03-18,5400.82,NVIDIA AI ENTERPRISE COMPUTE
TXN-11139,2026-03-19,3881.35,GITHUB ENTERPRISE ORG ACCESS
TXN-11140,2026-03-20,4435.81,FEDEX PRIORITY OVERNIGHT FREIGHT
TXN-11141,2026-03-21,962.34,ACME CORP PAYROLL MARCH
TXN-11142,2026-03-22,845.55,ACME CORP HEALTH BENEFITS
TXN-11143,2026-03-23,3642.38,AWS CLOUD SERVICES US-EAST-1
TXN-11144,2026-03-24,1147.71,AWS INFRA S3 STORAGE
TXN-11145,2026-03-25,3788.09,GOOGLE CLOUD PLATFORM COMPUTE
TXN-11146,2026-03-26,3956.83,GOOGLE WORKSPACE ENTERPRISE
TXN-11147,2026-03-27,3869.07,UBER TECHNOLOGIES RIDE SHARE
TXN-11148,2026-03-28,6146.31,UBER EATS CLIENT ENTERTAINMENT
TXN-11149,2026-03-01,1226.84,STRIPE PAYMENTS PROCESSING FEE
TXN-11150,2026-03-02,990.05,MICROSOFT AZURE RESERVED INSTANCE
TXN-11151,2026-03-03,133.49,SALESFORCE CRM ENTERPRISE SEATS
TXN-11152,2026-03-04,7487.85,DELL TECHNOLOGIES WORKSTATIONS
TXN-11153,2026-03-05,7976.96,DOCUSIGN ENTERPRISE SIGNATURES
TXN-11154,2026-03-06,5385.37,STARBUCKS CORP TEAM CATERING
TXN-11155,2026-03-07,3588.41,WEWORK SOMA HOT DESK ACCESS
TXN-11156,2026-03-08,61.26,ORACLE CLOUD DATABASE LICENSING
TXN-11157,2026-03-09,3982.81,SLACK TECHNOLOGIES BUSINESS PLUS
TXN-11158,2026-03-10,29.35,NVIDIA AI ENTERPRISE COMPUTE
TXN-11159,2026-03-11,5341.11,GITHUB ENTERPRISE ORG ACCESS
TXN-11160,2026-03-12,7788.11,FEDEX PRIORITY OVERNIGHT FREIGHT
TXN-11161,2026-03-13,207.54,ACME CORP PAYROLL MARCH
TXN-11162,2026-03-14,807.76,ACME CORP HEALTH BENEFITS
TXN-11163,2026-03-15,6257.74,AWS CLOUD SERVICES US-EAST-1
TXN-11164,2026-03-16,5829.97,AWS INFRA S3 STORAGE
TXN-11165,2026-03-17,2529.56,GOOGLE CLOUD PLATFORM COMPUTE
TXN-11166,2026-03-18,6922.88,GOOGLE WORKSPACE ENTERPRISE
TXN-11167,2026-03-19,874.12,UBER TECHNOLOGIES RIDE SHARE
TXN-11168,2026-03-20,2904.82,UBER EATS CLIENT ENTERTAINMENT
TXN-11169,2026-03-21,4192.97,STRIPE PAYMENTS PROCESSING FEE
TXN-11170,2026-03-22,2093.76,MICROSOFT AZURE RESERVED INSTANCE
TXN-11171,2026-03-23,7559.24,SALESFORCE CRM ENTERPRISE SEATS
TXN-11172,2026-03-24,7105.44,DELL TECHNOLOGIES WORKSTATIONS
TXN-11173,2026-03-25,4651.57,DOCUSIGN ENTERPRISE SIGNATURES
TXN-11174,2026-03-26,7973.06,STARBUCKS CORP TEAM CATERING
TXN-11175,2026-03-27,3137.54,WEWORK SOMA HOT DESK ACCESS
TXN-11176,2026-03-28,3204.41,ORACLE CLOUD DATABASE LICENSING
TXN-11177,2026-03-01,7255.68,SLACK TECHNOLOGIES BUSINESS PLUS
TXN-11178,2026-03-02,3339.19,NVIDIA AI ENTERPRISE COMPUTE
TXN-11179,2026-03-03,1755.26,GITHUB ENTERPRISE ORG ACCESS
TXN-11180,2026-03-04,3416.81,FEDEX PRIORITY OVERNIGHT FREIGHT
TXN-11181,2026-03-05,6815.16,ACME CORP PAYROLL MARCH
TXN-11182,2026-03-06,6759.47,ACME CORP HEALTH BENEFITS
TXN-11183,2026-03-07,5331.15,AWS CLOUD SERVICES US-EAST-1
TXN-11184,2026-03-08,6643.26,AWS INFRA S3 STORAGE
TXN-11185,2026-03-09,2576.37,GOOGLE CLOUD PLATFORM COMPUTE
TXN-11186,2026-03-10,1184.46,GOOGLE WORKSPACE ENTERPRISE
TXN-11187,2026-03-11,882.73,UBER TECHNOLOGIES RIDE SHARE
TXN-11188,2026-03-12,5400.47,UBER EATS CLIENT ENTERTAINMENT
TXN-11189,2026-03-13,1425.93,STRIPE PAYMENTS PROCESSING FEE
TXN-11190,2026-03-14,5458.43,MICROSOFT AZURE RESERVED INSTANCE
TXN-11191,2026-03-15,2571.29,SALESFORCE CRM ENTERPRISE SEATS
TXN-11192,2026-03-16,6692.32,DELL TECHNOLOGIES WORKSTATIONS
TXN-11193,2026-03-17,2819.63,DOCUSIGN ENTERPRISE SIGNATURES
TXN-11194,2026-03-18,4689.35,STARBUCKS CORP TEAM CATERING
TXN-11195,2026-03-19,2556.57,WEWORK SOMA HOT DESK ACCESS
TXN-11196,2026-03-20,7703.34,ORACLE CLOUD DATABASE LICENSING
TXN-11197,2026-03-21,2328.68,SLACK TECHNOLOGIES BUSINESS PLUS
TXN-11198,2026-03-22,5304.64,NVIDIA AI ENTERPRISE COMPUTE
TXN-11199,2026-03-23,250.21,GITHUB ENTERPRISE ORG ACCESS
TXN-11200,2026-03-24,4706.80,FEDEX PRIORITY OVERNIGHT FREIGHT
TXN-11201,2026-03-25,6318.39,ACME CORP PAYROLL MARCH
TXN-11202,2026-03-26,6831.48,ACME CORP HEALTH BENEFITS
TXN-11203,2026-03-27,7999.64,AWS CLOUD SERVICES US-EAST-1
TXN-11204,2026-03-28,6499.00,AWS INFRA S3 STORAGE
TXN-11205,2026-03-01,1773.44,GOOGLE CLOUD PLATFORM COMPUTE
TXN-11206,2026-03-02,1549.92,GOOGLE WORKSPACE ENTERPRISE
TXN-11207,2026-03-03,2784.08,UBER TECHNOLOGIES RIDE SHARE
TXN-11208,2026-03-04,1503.46,UBER EATS CLIENT ENTERTAINMENT
TXN-11209,2026-03-05,2394.20,STRIPE PAYMENTS PROCESSING FEE
TXN-11210,2026-03-06,1330.44,MICROSOFT AZURE RESERVED INSTANCE
TXN-11211,2026-03-07,1304.96,SALESFORCE CRM ENTERPRISE SEATS
TXN-11212,2026-03-08,5829.93,DELL TECHNOLOGIES WORKSTATIONS
TXN-11213,2026-03-09,5166.91,DOCUSIGN ENTERPRISE SIGNATURES
TXN-11214,2026-03-10,7870.55,STARBUCKS CORP TEAM CATERING
TXN-11215,2026-03-11,2810.50,WEWORK SOMA HOT DESK ACCESS
TXN-11216,2026-03-12,1765.89,ORACLE CLOUD DATABASE LICENSING
TXN-11217,2026-03-13,4556.79,SLACK TECHNOLOGIES BUSINESS PLUS
TXN-11218,2026-03-14,7471.57,NVIDIA AI ENTERPRISE COMPUTE
TXN-11219,2026-03-15,2747.61,GITHUB ENTERPRISE ORG ACCESS
TXN-11220,2026-03-16,1667.80,FEDEX PRIORITY OVERNIGHT FREIGHT
TXN-11221,2026-03-17,5912.65,ACME CORP PAYROLL MARCH
TXN-11222,2026-03-18,3821.84,ACME CORP HEALTH BENEFITS
TXN-11223,2026-03-19,975.43,AWS CLOUD SERVICES US-EAST-1
TXN-11224,2026-03-20,1490.54,AWS INFRA S3 STORAGE
TXN-11225,2026-03-21,2268.34,GOOGLE CLOUD PLATFORM COMPUTE
TXN-11226,2026-03-22,5060.07,GOOGLE WORKSPACE ENTERPRISE
TXN-11227,2026-03-23,2268.16,UBER TECHNOLOGIES RIDE SHARE
TXN-11228,2026-03-24,3704.85,UBER EATS CLIENT ENTERTAINMENT
TXN-11229,2026-03-25,4080.82,STRIPE PAYMENTS PROCESSING FEE
TXN-11230,2026-03-26,6042.97,MICROSOFT AZURE RESERVED INSTANCE
TXN-11231,2026-03-27,6706.22,SALESFORCE CRM ENTERPRISE SEATS
TXN-11232,2026-03-28,5256.22,DELL TECHNOLOGIES WORKSTATIONS
TXN-11233,2026-03-01,1181.02,DOCUSIGN ENTERPRISE SIGNATURES
TXN-11234,2026-03-02,6192.40,STARBUCKS CORP TEAM CATERING
TXN-11235,2026-03-03,6815.76,WEWORK SOMA HOT DESK ACCESS
TXN-11236,2026-03-04,2303.83,ORACLE CLOUD DATABASE LICENSING
TXN-11237,2026-03-05,6042.56,SLACK TECHNOLOGIES BUSINESS PLUS
TXN-11238,2026-03-06,5246.26,NVIDIA AI ENTERPRISE COMPUTE
TXN-11239,2026-03-07,5115.36,GITHUB ENTERPRISE ORG ACCESS
TXN-11240,2026-03-08,6147.57,FEDEX PRIORITY OVERNIGHT FREIGHT
TXN-11241,2026-03-09,399.84,ACME CORP PAYROLL MARCH
TXN-11242,2026-03-10,614.94,ACME CORP HEALTH BENEFITS
TXN-11243,2026-03-11,6245.30,AWS CLOUD SERVICES US-EAST-1
TXN-11244,2026-03-12,2577.90,AWS INFRA S3 STORAGE
TXN-11245,2026-03-13,3716.41,GOOGLE CLOUD PLATFORM COMPUTE
TXN-11246,2026-03-14,7057.59,GOOGLE WORKSPACE ENTERPRISE
TXN-11247,2026-03-15,1692.87,UBER TECHNOLOGIES RIDE SHARE
TXN-11248,2026-03-16,7232.18,UBER EATS CLIENT ENTERTAINMENT
TXN-11249,2026-03-17,3092.85,STRIPE PAYMENTS PROCESSING FEE
TXN-11250,2026-03-18,7388.51,MICROSOFT AZURE RESERVED INSTANCE
TXN-11251,2026-03-19,2036.68,SALESFORCE CRM ENTERPRISE SEATS
TXN-11252,2026-03-20,4685.63,DELL TECHNOLOGIES WORKSTATIONS
TXN-11253,2026-03-21,1202.66,DOCUSIGN ENTERPRISE SIGNATURES
TXN-11254,2026-03-22,3088.75,STARBUCKS CORP TEAM CATERING
TXN-11255,2026-03-23,978.33,WEWORK SOMA HOT DESK ACCESS
TXN-11256,2026-03-24,4783.79,ORACLE CLOUD DATABASE LICENSING
TXN-11257,2026-03-25,1458.26,SLACK TECHNOLOGIES BUSINESS PLUS
TXN-11258,2026-03-26,4178.68,NVIDIA AI ENTERPRISE COMPUTE
TXN-11259,2026-03-27,7156.19,GITHUB ENTERPRISE ORG ACCESS
TXN-11260,2026-03-28,5609.85,FEDEX PRIORITY OVERNIGHT FREIGHT
TXN-11261,2026-03-01,940.65,ACME CORP PAYROLL MARCH
TXN-11262,2026-03-02,7946.15,ACME CORP HEALTH BENEFITS
TXN-11263,2026-03-03,7160.66,AWS CLOUD SERVICES US-EAST-1
TXN-11264,2026-03-04,4489.21,AWS INFRA S3 STORAGE
TXN-11265,2026-03-05,2293.82,GOOGLE CLOUD PLATFORM COMPUTE
TXN-11266,2026-03-06,2465.72,GOOGLE WORKSPACE ENTERPRISE
TXN-11267,2026-03-07,5740.38,UBER TECHNOLOGIES RIDE SHARE
TXN-11268,2026-03-08,5659.40,UBER EATS CLIENT ENTERTAINMENT
TXN-11269,2026-03-09,153.29,STRIPE PAYMENTS PROCESSING FEE
TXN-11270,2026-03-10,6515.79,MICROSOFT AZURE RESERVED INSTANCE
TXN-11271,2026-03-11,6035.46,SALESFORCE CRM ENTERPRISE SEATS
TXN-11272,2026-03-12,2405.74,DELL TECHNOLOGIES WORKSTATIONS
TXN-11273,2026-03-13,4480.19,DOCUSIGN ENTERPRISE SIGNATURES
TXN-11274,2026-03-14,2617.05,STARBUCKS CORP TEAM CATERING
TXN-11275,2026-03-15,5365.92,WEWORK SOMA HOT DESK ACCESS
TXN-11276,2026-03-16,747.51,ORACLE CLOUD DATABASE LICENSING
TXN-11277,2026-03-17,690.50,SLACK TECHNOLOGIES BUSINESS PLUS
TXN-11278,2026-03-18,1242.89,NVIDIA AI ENTERPRISE COMPUTE
TXN-11279,2026-03-19,323.03,GITHUB ENTERPRISE ORG ACCESS
TXN-11280,2026-03-20,2585.42,FEDEX PRIORITY OVERNIGHT FREIGHT
TXN-11281,2026-03-21,5272.77,ACME CORP PAYROLL MARCH
TXN-11282,2026-03-22,4714.27,ACME CORP HEALTH BENEFITS
TXN-11283,2026-03-23,75.84,AWS CLOUD SERVICES US-EAST-1
TXN-11284,2026-03-24,3608.62,AWS INFRA S3 STORAGE
TXN-11285,2026-03-25,2670.54,GOOGLE CLOUD PLATFORM COMPUTE
TXN-11286,2026-03-26,2488.29,GOOGLE WORKSPACE ENTERPRISE
TXN-11287,2026-03-27,1415.18,UBER TECHNOLOGIES RIDE SHARE
TXN-11288,2026-03-28,5827.12,UBER EATS CLIENT ENTERTAINMENT
TXN-11289,2026-03-01,6232.15,STRIPE PAYMENTS PROCESSING FEE
TXN-11290,2026-03-02,887.78,MICROSOFT AZURE RESERVED INSTANCE
TXN-11291,2026-03-03,7618.96,SALESFORCE CRM ENTERPRISE SEATS
TXN-11292,2026-03-04,2441.10,DELL TECHNOLOGIES WORKSTATIONS
TXN-11293,2026-03-05,6936.82,DOCUSIGN ENTERPRISE SIGNATURES
TXN-11294,2026-03-06,5505.55,STARBUCKS CORP TEAM CATERING
TXN-11295,2026-03-07,6684.64,WEWORK SOMA HOT DESK ACCESS
TXN-11296,2026-03-08,2880.15,ORACLE CLOUD DATABASE LICENSING
TXN-11297,2026-03-09,4812.78,SLACK TECHNOLOGIES BUSINESS PLUS
TXN-11298,2026-03-10,7960.63,NVIDIA AI ENTERPRISE COMPUTE
TXN-11299,2026-03-11,346.53,GITHUB ENTERPRISE ORG ACCESS
TXN-11300,2026-03-12,6318.16,FEDEX PRIORITY OVERNIGHT FREIGHT
TXN-11301,2026-03-13,7546.93,ACME CORP PAYROLL MARCH
TXN-11302,2026-03-14,4970.85,ACME CORP HEALTH BENEFITS
TXN-11303,2026-03-15,2971.44,AWS CLOUD SERVICES US-EAST-1
TXN-11304,2026-03-16,2013.56,AWS INFRA S3 STORAGE
TXN-11305,2026-03-17,4404.65,GOOGLE CLOUD PLATFORM COMPUTE
TXN-11306,2026-03-18,7354.09,GOOGLE WORKSPACE ENTERPRISE
TXN-11307,2026-03-19,525.06,UBER TECHNOLOGIES RIDE SHARE
TXN-11308,2026-03-20,6068.74,UBER EATS CLIENT ENTERTAINMENT
TXN-11309,2026-03-21,4162.09,STRIPE PAYMENTS PROCESSING FEE
TXN-11310,2026-03-22,4609.00,MICROSOFT AZURE RESERVED INSTANCE
TXN-11311,2026-03-23,2566.19,SALESFORCE CRM ENTERPRISE SEATS
TXN-11312,2026-03-24,659.10,DELL TECHNOLOGIES WORKSTATIONS
TXN-11313,2026-03-25,3321.24,DOCUSIGN ENTERPRISE SIGNATURES
TXN-11314,2026-03-26,3536.83,STARBUCKS CORP TEAM CATERING
TXN-11315,2026-03-27,593.39,WEWORK SOMA HOT DESK ACCESS
TXN-11316,2026-03-28,2027.92,ORACLE CLOUD DATABASE LICENSING
TXN-11317,2026-03-01,2444.52,SLACK TECHNOLOGIES BUSINESS PLUS
TXN-11318,2026-03-02,955.33,NVIDIA AI ENTERPRISE COMPUTE
TXN-11319,2026-03-03,6569.90,GITHUB ENTERPRISE ORG ACCESS
TXN-11320,2026-03-04,3931.37,FEDEX PRIORITY OVERNIGHT FREIGHT
TXN-11321,2026-03-05,5453.33,ACME CORP PAYROLL MARCH
TXN-11322,2026-03-06,2870.25,ACME CORP HEALTH BENEFITS
TXN-11323,2026-03-07,2122.18,AWS CLOUD SERVICES US-EAST-1
TXN-11324,2026-03-08,1908.60,AWS INFRA S3 STORAGE
TXN-11325,2026-03-09,2499.75,GOOGLE CLOUD PLATFORM COMPUTE
TXN-11326,2026-03-10,5623.41,GOOGLE WORKSPACE ENTERPRISE
TXN-11327,2026-03-11,6717.69,UBER TECHNOLOGIES RIDE SHARE
TXN-11328,2026-03-12,3795.20,UBER EATS CLIENT ENTERTAINMENT
TXN-11329,2026-03-13,6379.01,STRIPE PAYMENTS PROCESSING FEE
TXN-11330,2026-03-14,2245.33,MICROSOFT AZURE RESERVED INSTANCE
TXN-11331,2026-03-15,3582.75,SALESFORCE CRM ENTERPRISE SEATS
TXN-11332,2026-03-16,7496.83,DELL TECHNOLOGIES WORKSTATIONS
TXN-11333,2026-03-17,7831.81,DOCUSIGN ENTERPRISE SIGNATURES
TXN-11334,2026-03-18,7550.72,STARBUCKS CORP TEAM CATERING
TXN-11335,2026-03-19,305.78,WEWORK SOMA HOT DESK ACCESS
TXN-11336,2026-03-20,4434.49,ORACLE CLOUD DATABASE LICENSING
TXN-11337,2026-03-21,1237.81,SLACK TECHNOLOGIES BUSINESS PLUS
TXN-11338,2026-03-22,3718.38,NVIDIA AI ENTERPRISE COMPUTE
TXN-11339,2026-03-23,3737.35,GITHUB ENTERPRISE ORG ACCESS
TXN-11340,2026-03-24,5202.68,FEDEX PRIORITY OVERNIGHT FREIGHT
TXN-11341,2026-03-25,4906.69,ACME CORP PAYROLL MARCH
TXN-11342,2026-03-26,3670.82,ACME CORP HEALTH BENEFITS
TXN-11343,2026-03-27,4238.62,AWS CLOUD SERVICES US-EAST-1
TXN-11344,2026-03-28,7126.66,AWS INFRA S3 STORAGE
TXN-11345,2026-03-01,5232.86,GOOGLE CLOUD PLATFORM COMPUTE
TXN-11346,2026-03-02,1441.98,GOOGLE WORKSPACE ENTERPRISE
TXN-11347,2026-03-03,7433.16,UBER TECHNOLOGIES RIDE SHARE
TXN-11348,2026-03-04,5937.08,UBER EATS CLIENT ENTERTAINMENT
TXN-11349,2026-03-05,4194.12,STRIPE PAYMENTS PROCESSING FEE
TXN-11350,2026-03-06,1274.46,MICROSOFT AZURE RESERVED INSTANCE
TXN-11351,2026-03-07,7192.98,SALESFORCE CRM ENTERPRISE SEATS
TXN-11352,2026-03-08,5656.57,DELL TECHNOLOGIES WORKSTATIONS
TXN-11353,2026-03-09,3900.57,DOCUSIGN ENTERPRISE SIGNATURES
TXN-11354,2026-03-10,535.38,STARBUCKS CORP TEAM CATERING
TXN-11355,2026-03-11,3948.32,WEWORK SOMA HOT DESK ACCESS
TXN-11356,2026-03-12,5077.96,ORACLE CLOUD DATABASE LICENSING
TXN-11357,2026-03-13,4383.98,SLACK TECHNOLOGIES BUSINESS PLUS
TXN-11358,2026-03-14,7708.88,NVIDIA AI ENTERPRISE COMPUTE
TXN-11359,2026-03-15,6934.33,GITHUB ENTERPRISE ORG ACCESS
TXN-11360,2026-03-16,1146.03,FEDEX PRIORITY OVERNIGHT FREIGHT
TXN-11361,2026-03-17,5540.71,ACME CORP PAYROLL MARCH
TXN-11362,2026-03-18,3878.98,ACME CORP HEALTH BENEFITS
TXN-11363,2026-03-19,6419.34,AWS CLOUD SERVICES US-EAST-1
TXN-11364,2026-03-20,4517.20,AWS INFRA S3 STORAGE
TXN-11365,2026-03-21,7533.07,GOOGLE CLOUD PLATFORM COMPUTE
TXN-11366,2026-03-22,1437.60,GOOGLE WORKSPACE ENTERPRISE
TXN-11367,2026-03-23,6890.70,UBER TECHNOLOGIES RIDE SHARE
TXN-11368,2026-03-24,1200.94,UBER EATS CLIENT ENTERTAINMENT
TXN-11369,2026-03-25,5328.20,STRIPE PAYMENTS PROCESSING FEE
TXN-11370,2026-03-26,5411.63,MICROSOFT AZURE RESERVED INSTANCE
TXN-11371,2026-03-27,6984.76,SALESFORCE CRM ENTERPRISE SEATS
TXN-11372,2026-03-28,5238.15,DELL TECHNOLOGIES WORKSTATIONS
TXN-11373,2026-03-01,7208.64,DOCUSIGN ENTERPRISE SIGNATURES
TXN-11374,2026-03-02,3993.44,STARBUCKS CORP TEAM CATERING
TXN-11375,2026-03-03,4910.53,WEWORK SOMA HOT DESK ACCESS
TXN-11376,2026-03-04,3950.96,ORACLE CLOUD DATABASE LICENSING
TXN-11377,2026-03-05,5097.57,SLACK TECHNOLOGIES BUSINESS PLUS
TXN-11378,2026-03-06,6731.99,NVIDIA AI ENTERPRISE COMPUTE
TXN-11379,2026-03-07,1700.31,GITHUB ENTERPRISE ORG ACCESS
TXN-11380,2026-03-08,2221.44,FEDEX PRIORITY OVERNIGHT FREIGHT
TXN-11381,2026-03-09,2556.89,ACME CORP PAYROLL MARCH
TXN-11382,2026-03-10,2619.98,ACME CORP HEALTH BENEFITS
TXN-11383,2026-03-11,4396.50,AWS CLOUD SERVICES US-EAST-1
TXN-11384,2026-03-12,4676.44,AWS INFRA S3 STORAGE
TXN-11385,2026-03-13,4474.68,GOOGLE CLOUD PLATFORM COMPUTE
TXN-11386,2026-03-14,6688.75,GOOGLE WORKSPACE ENTERPRISE
TXN-11387,2026-03-15,7125.65,UBER TECHNOLOGIES RIDE SHARE
TXN-11388,2026-03-16,1647.76,UBER EATS CLIENT ENTERTAINMENT
TXN-11389,2026-03-17,616.52,STRIPE PAYMENTS PROCESSING FEE
TXN-11390,2026-03-18,3906.76,MICROSOFT AZURE RESERVED INSTANCE
TXN-11391,2026-03-19,7805.25,SALESFORCE CRM ENTERPRISE SEATS
TXN-11392,2026-03-20,5729.78,DELL TECHNOLOGIES WORKSTATIONS
TXN-11393,2026-03-21,3327.65,DOCUSIGN ENTERPRISE SIGNATURES
TXN-11394,2026-03-22,724.59,STARBUCKS CORP TEAM CATERING
TXN-11395,2026-03-23,6849.26,WEWORK SOMA HOT DESK ACCESS
TXN-11396,2026-03-24,1774.31,ORACLE CLOUD DATABASE LICENSING
TXN-11397,2026-03-25,768.61,SLACK TECHNOLOGIES BUSINESS PLUS
TXN-11398,2026-03-26,1593.56,NVIDIA AI ENTERPRISE COMPUTE
TXN-11399,2026-03-27,3340.98,GITHUB ENTERPRISE ORG ACCESS
TXN-11400,2026-03-28,6969.27,FEDEX PRIORITY OVERNIGHT FREIGHT
TXN-11401,2026-03-01,6209.90,ACME CORP PAYROLL MARCH
TXN-11402,2026-03-02,3925.75,ACME CORP HEALTH BENEFITS
TXN-11403,2026-03-03,2054.99,AWS CLOUD SERVICES US-EAST-1
TXN-11404,2026-03-04,5518.56,AWS INFRA S3 STORAGE
TXN-11405,2026-03-05,5720.41,GOOGLE CLOUD PLATFORM COMPUTE
TXN-11406,2026-03-06,2036.01,GOOGLE WORKSPACE ENTERPRISE
TXN-11407,2026-03-07,1953.65,UBER TECHNOLOGIES RIDE SHARE
TXN-11408,2026-03-08,426.52,UBER EATS CLIENT ENTERTAINMENT
TXN-11409,2026-03-09,3873.87,STRIPE PAYMENTS PROCESSING FEE
TXN-11410,2026-03-10,5385.97,MICROSOFT AZURE RESERVED INSTANCE
TXN-11411,2026-03-11,3962.84,SALESFORCE CRM ENTERPRISE SEATS
TXN-11412,2026-03-12,6647.55,DELL TECHNOLOGIES WORKSTATIONS
TXN-11413,2026-03-13,2092.83,DOCUSIGN ENTERPRISE SIGNATURES
TXN-11414,2026-03-14,4667.85,STARBUCKS CORP TEAM CATERING
TXN-11415,2026-03-15,446.47,WEWORK SOMA HOT DESK ACCESS
TXN-11416,2026-03-16,7922.76,ORACLE CLOUD DATABASE LICENSING
TXN-11417,2026-03-17,6367.64,SLACK TECHNOLOGIES BUSINESS PLUS
TXN-11418,2026-03-18,4322.04,NVIDIA AI ENTERPRISE COMPUTE
TXN-11419,2026-03-19,1725.32,GITHUB ENTERPRISE ORG ACCESS
TXN-11420,2026-03-20,1713.54,FEDEX PRIORITY OVERNIGHT FREIGHT
TXN-11421,2026-03-21,1327.75,ACME CORP PAYROLL MARCH
TXN-11422,2026-03-22,6059.95,ACME CORP HEALTH BENEFITS
TXN-11423,2026-03-23,1918.43,AWS CLOUD SERVICES US-EAST-1
TXN-11424,2026-03-24,5135.75,AWS INFRA S3 STORAGE
TXN-11425,2026-03-25,6066.82,GOOGLE CLOUD PLATFORM COMPUTE
TXN-11426,2026-03-26,3742.45,GOOGLE WORKSPACE ENTERPRISE
TXN-11427,2026-03-27,7645.36,UBER TECHNOLOGIES RIDE SHARE
TXN-11428,2026-03-28,1996.68,UBER EATS CLIENT ENTERTAINMENT
TXN-11429,2026-03-01,2761.35,STRIPE PAYMENTS PROCESSING FEE
TXN-11430,2026-03-02,5852.36,MICROSOFT AZURE RESERVED INSTANCE
TXN-11431,2026-03-03,3812.75,SALESFORCE CRM ENTERPRISE SEATS
TXN-11432,2026-03-04,5404.97,DELL TECHNOLOGIES WORKSTATIONS
TXN-11433,2026-03-05,3196.02,DOCUSIGN ENTERPRISE SIGNATURES
TXN-11434,2026-03-06,181.93,STARBUCKS CORP TEAM CATERING
TXN-11435,2026-03-07,3256.53,WEWORK SOMA HOT DESK ACCESS
TXN-11436,2026-03-08,4353.01,ORACLE CLOUD DATABASE LICENSING
TXN-11437,2026-03-09,3660.43,SLACK TECHNOLOGIES BUSINESS PLUS
TXN-11438,2026-03-10,5814.91,NVIDIA AI ENTERPRISE COMPUTE
TXN-11439,2026-03-11,5258.76,GITHUB ENTERPRISE ORG ACCESS
TXN-11440,2026-03-12,7360.96,FEDEX PRIORITY OVERNIGHT FREIGHT
TXN-11441,2026-03-13,3224.82,ACME CORP PAYROLL MARCH
TXN-11442,2026-03-14,3165.27,ACME CORP HEALTH BENEFITS
TXN-11443,2026-03-15,1011.32,AWS CLOUD SERVICES US-EAST-1
TXN-11444,2026-03-16,3721.07,AWS INFRA S3 STORAGE
TXN-11445,2026-03-17,4644.22,GOOGLE CLOUD PLATFORM COMPUTE
TXN-11446,2026-03-18,4550.65,GOOGLE WORKSPACE ENTERPRISE
TXN-11447,2026-03-19,5324.67,UBER TECHNOLOGIES RIDE SHARE
TXN-11448,2026-03-20,2125.54,UBER EATS CLIENT ENTERTAINMENT
TXN-11449,2026-03-21,2623.10,STRIPE PAYMENTS PROCESSING FEE
TXN-11450,2026-03-22,4181.88,MICROSOFT AZURE RESERVED INSTANCE
TXN-11451,2026-03-23,5113.61,SALESFORCE CRM ENTERPRISE SEATS
TXN-11452,2026-03-24,1617.91,DELL TECHNOLOGIES WORKSTATIONS
TXN-11453,2026-03-25,116.27,DOCUSIGN ENTERPRISE SIGNATURES
TXN-11454,2026-03-26,474.39,STARBUCKS CORP TEAM CATERING
TXN-11455,2026-03-27,3681.95,WEWORK SOMA HOT DESK ACCESS
TXN-11456,2026-03-28,718.16,ORACLE CLOUD DATABASE LICENSING
TXN-11457,2026-03-01,154.73,SLACK TECHNOLOGIES BUSINESS PLUS
TXN-11458,2026-03-02,1488.77,NVIDIA AI ENTERPRISE COMPUTE
TXN-11459,2026-03-03,7867.28,GITHUB ENTERPRISE ORG ACCESS
TXN-11460,2026-03-04,7831.12,FEDEX PRIORITY OVERNIGHT FREIGHT
TXN-11461,2026-03-05,4835.16,ACME CORP PAYROLL MARCH
TXN-11462,2026-03-06,7404.97,ACME CORP HEALTH BENEFITS
TXN-11463,2026-03-07,5883.25,AWS CLOUD SERVICES US-EAST-1
TXN-11464,2026-03-08,300.67,AWS INFRA S3 STORAGE
TXN-11465,2026-03-09,5409.02,GOOGLE CLOUD PLATFORM COMPUTE
TXN-11466,2026-03-10,4339.16,GOOGLE WORKSPACE ENTERPRISE
TXN-11467,2026-03-11,2080.40,UBER TECHNOLOGIES RIDE SHARE
TXN-11468,2026-03-12,7738.33,UBER EATS CLIENT ENTERTAINMENT
TXN-11469,2026-03-13,4775.08,STRIPE PAYMENTS PROCESSING FEE
TXN-11470,2026-03-14,4450.85,MICROSOFT AZURE RESERVED INSTANCE
TXN-11471,2026-03-15,3611.80,SALESFORCE CRM ENTERPRISE SEATS
TXN-11472,2026-03-16,6322.22,DELL TECHNOLOGIES WORKSTATIONS
TXN-11473,2026-03-17,4605.55,DOCUSIGN ENTERPRISE SIGNATURES
TXN-11474,2026-03-18,7834.75,STARBUCKS CORP TEAM CATERING
TXN-11475,2026-03-19,7912.14,WEWORK SOMA HOT DESK ACCESS
TXN-11476,2026-03-20,5527.39,ORACLE CLOUD DATABASE LICENSING
TXN-11477,2026-03-21,6676.75,SLACK TECHNOLOGIES BUSINESS PLUS
TXN-11478,2026-03-22,2739.42,NVIDIA AI ENTERPRISE COMPUTE
TXN-11479,2026-03-23,240.54,GITHUB ENTERPRISE ORG ACCESS
TXN-11480,2026-03-24,6584.14,FEDEX PRIORITY OVERNIGHT FREIGHT
TXN-11481,2026-03-25,7987.25,ACME CORP PAYROLL MARCH
TXN-11482,2026-03-26,7028.36,ACME CORP HEALTH BENEFITS
TXN-11483,2026-03-27,3257.19,AWS CLOUD SERVICES US-EAST-1
TXN-11484,2026-03-28,1511.49,AWS INFRA S3 STORAGE
TXN-11485,2026-03-01,2590.17,GOOGLE CLOUD PLATFORM COMPUTE
TXN-11486,2026-03-02,2097.12,GOOGLE WORKSPACE ENTERPRISE
TXN-11487,2026-03-03,2618.43,UBER TECHNOLOGIES RIDE SHARE
TXN-11488,2026-03-04,3376.47,UBER EATS CLIENT ENTERTAINMENT
TXN-11489,2026-03-05,5910.84,STRIPE PAYMENTS PROCESSING FEE
TXN-11490,2026-03-06,2329.09,MICROSOFT AZURE RESERVED INSTANCE
TXN-11491,2026-03-07,5152.49,SALESFORCE CRM ENTERPRISE SEATS
TXN-11492,2026-03-08,3789.63,DELL TECHNOLOGIES WORKSTATIONS
TXN-11493,2026-03-09,4730.30,DOCUSIGN ENTERPRISE SIGNATURES
TXN-11494,2026-03-10,6763.18,STARBUCKS CORP TEAM CATERING
TXN-11495,2026-03-11,2349.15,WEWORK SOMA HOT DESK ACCESS
TXN-11496,2026-03-12,5146.11,ORACLE CLOUD DATABASE LICENSING
TXN-11497,2026-03-13,3170.67,SLACK TECHNOLOGIES BUSINESS PLUS
TXN-11498,2026-03-14,6679.27,NVIDIA AI ENTERPRISE COMPUTE
TXN-11499,2026-03-15,6946.33,GITHUB ENTERPRISE ORG ACCESS
TXN-11500,2026-03-16,1370.69,FEDEX PRIORITY OVERNIGHT FREIGHT
TXN-11501,2026-03-17,7517.72,ACME CORP PAYROLL MARCH
TXN-11502,2026-03-18,1683.17,ACME CORP HEALTH BENEFITS
TXN-11503,2026-03-19,6948.31,AWS CLOUD SERVICES US-EAST-1
TXN-11504,2026-03-20,7767.37,AWS INFRA S3 STORAGE
TXN-11505,2026-03-21,7033.61,GOOGLE CLOUD PLATFORM COMPUTE
TXN-11506,2026-03-22,3172.14,GOOGLE WORKSPACE ENTERPRISE
TXN-11507,2026-03-23,730.75,UBER TECHNOLOGIES RIDE SHARE
TXN-11508,2026-03-24,3306.15,UBER EATS CLIENT ENTERTAINMENT
TXN-11509,2026-03-25,7242.42,STRIPE PAYMENTS PROCESSING FEE
TXN-11510,2026-03-26,4743.44,MICROSOFT AZURE RESERVED INSTANCE
TXN-11511,2026-03-27,7299.17,SALESFORCE CRM ENTERPRISE SEATS
TXN-11512,2026-03-28,6468.21,DELL TECHNOLOGIES WORKSTATIONS
TXN-11513,2026-03-01,6860.25,DOCUSIGN ENTERPRISE SIGNATURES
TXN-11514,2026-03-02,29.94,STARBUCKS CORP TEAM CATERING
TXN-11515,2026-03-03,3849.10,WEWORK SOMA HOT DESK ACCESS
TXN-11516,2026-03-04,7823.56,ORACLE CLOUD DATABASE LICENSING
TXN-11517,2026-03-05,2893.42,SLACK TECHNOLOGIES BUSINESS PLUS
TXN-11518,2026-03-06,7630.12,NVIDIA AI ENTERPRISE COMPUTE
TXN-11519,2026-03-07,2928.43,GITHUB ENTERPRISE ORG ACCESS
TXN-11520,2026-03-08,5132.31,FEDEX PRIORITY OVERNIGHT FREIGHT
TXN-11521,2026-03-09,2584.41,ACME CORP PAYROLL MARCH
TXN-11522,2026-03-10,951.23,ACME CORP HEALTH BENEFITS
TXN-11523,2026-03-11,1306.88,AWS CLOUD SERVICES US-EAST-1
TXN-11524,2026-03-12,7753.22,AWS INFRA S3 STORAGE
TXN-11525,2026-03-13,2137.78,GOOGLE CLOUD PLATFORM COMPUTE
TXN-11526,2026-03-14,242.15,GOOGLE WORKSPACE ENTERPRISE
TXN-11527,2026-03-15,6881.80,UBER TECHNOLOGIES RIDE SHARE
TXN-11528,2026-03-16,3609.16,UBER EATS CLIENT ENTERTAINMENT
TXN-11529,2026-03-17,114.40,STRIPE PAYMENTS PROCESSING FEE
TXN-11530,2026-03-18,6398.01,MICROSOFT AZURE RESERVED INSTANCE
TXN-11531,2026-03-19,5879.97,SALESFORCE CRM ENTERPRISE SEATS
TXN-11532,2026-03-20,6784.85,DELL TECHNOLOGIES WORKSTATIONS
TXN-11533,2026-03-21,3475.84,DOCUSIGN ENTERPRISE SIGNATURES
TXN-11534,2026-03-22,7423.88,STARBUCKS CORP TEAM CATERING
TXN-11535,2026-03-23,3566.20,WEWORK SOMA HOT DESK ACCESS
TXN-11536,2026-03-24,7144.06,ORACLE CLOUD DATABASE LICENSING
TXN-11537,2026-03-25,4123.15,SLACK TECHNOLOGIES BUSINESS PLUS
TXN-11538,2026-03-26,4674.10,NVIDIA AI ENTERPRISE COMPUTE
TXN-11539,2026-03-27,224.29,GITHUB ENTERPRISE ORG ACCESS
TXN-11540,2026-03-28,1257.46,FEDEX PRIORITY OVERNIGHT FREIGHT
TXN-11541,2026-03-01,6678.31,ACME CORP PAYROLL MARCH
TXN-11542,2026-03-02,5741.27,ACME CORP HEALTH BENEFITS
TXN-11543,2026-03-03,4745.68,AWS CLOUD SERVICES US-EAST-1
TXN-11544,2026-03-04,2499.20,AWS INFRA S3 STORAGE
TXN-11545,2026-03-05,1579.04,GOOGLE CLOUD PLATFORM COMPUTE
TXN-11546,2026-03-06,6864.40,GOOGLE WORKSPACE ENTERPRISE
TXN-11547,2026-03-07,7292.93,UBER TECHNOLOGIES RIDE SHARE
TXN-11548,2026-03-08,7707.82,UBER EATS CLIENT ENTERTAINMENT
TXN-11549,2026-03-09,1477.33,STRIPE PAYMENTS PROCESSING FEE
TXN-11550,2026-03-10,1034.57,MICROSOFT AZURE RESERVED INSTANCE
TXN-11551,2026-03-11,5460.05,SALESFORCE CRM ENTERPRISE SEATS
TXN-11552,2026-03-12,2113.65,DELL TECHNOLOGIES WORKSTATIONS
TXN-11553,2026-03-13,5674.62,DOCUSIGN ENTERPRISE SIGNATURES
TXN-11554,2026-03-14,929.46,STARBUCKS CORP TEAM CATERING
TXN-11555,2026-03-15,1910.77,WEWORK SOMA HOT DESK ACCESS
TXN-11556,2026-03-16,7540.08,ORACLE CLOUD DATABASE LICENSING
TXN-11557,2026-03-17,5949.92,SLACK TECHNOLOGIES BUSINESS PLUS
TXN-11558,2026-03-18,487.03,NVIDIA AI ENTERPRISE COMPUTE
TXN-11559,2026-03-19,5193.79,GITHUB ENTERPRISE ORG ACCESS
TXN-11560,2026-03-20,4611.28,FEDEX PRIORITY OVERNIGHT FREIGHT
TXN-11561,2026-03-21,4084.01,ACME CORP PAYROLL MARCH
TXN-11562,2026-03-22,6941.65,ACME CORP HEALTH BENEFITS
TXN-11563,2026-03-23,7546.07,AWS CLOUD SERVICES US-EAST-1
TXN-11564,2026-03-24,7220.45,AWS INFRA S3 STORAGE
TXN-11565,2026-03-25,1208.90,GOOGLE CLOUD PLATFORM COMPUTE
TXN-11566,2026-03-26,2810.89,GOOGLE WORKSPACE ENTERPRISE
TXN-11567,2026-03-27,5473.83,UBER TECHNOLOGIES RIDE SHARE
TXN-11568,2026-03-28,1015.20,UBER EATS CLIENT ENTERTAINMENT
TXN-11569,2026-03-01,2967.35,STRIPE PAYMENTS PROCESSING FEE
TXN-11570,2026-03-02,68.02,MICROSOFT AZURE RESERVED INSTANCE
TXN-11571,2026-03-03,1729.69,SALESFORCE CRM ENTERPRISE SEATS
TXN-11572,2026-03-04,4065.43,DELL TECHNOLOGIES WORKSTATIONS
TXN-11573,2026-03-05,7085.60,DOCUSIGN ENTERPRISE SIGNATURES
TXN-11574,2026-03-06,2513.45,STARBUCKS CORP TEAM CATERING
TXN-11575,2026-03-07,878.27,WEWORK SOMA HOT DESK ACCESS
TXN-11576,2026-03-08,5032.34,ORACLE CLOUD DATABASE LICENSING
TXN-11577,2026-03-09,7985.67,SLACK TECHNOLOGIES BUSINESS PLUS
TXN-11578,2026-03-10,2460.07,NVIDIA AI ENTERPRISE COMPUTE
TXN-11579,2026-03-11,693.82,GITHUB ENTERPRISE ORG ACCESS
TXN-11580,2026-03-12,786.01,FEDEX PRIORITY OVERNIGHT FREIGHT
TXN-11581,2026-03-13,5040.78,ACME CORP PAYROLL MARCH
TXN-11582,2026-03-14,6943.29,ACME CORP HEALTH BENEFITS
TXN-11583,2026-03-15,2146.96,AWS CLOUD SERVICES US-EAST-1
TXN-11584,2026-03-16,7801.56,AWS INFRA S3 STORAGE
TXN-11585,2026-03-17,6128.15,GOOGLE CLOUD PLATFORM COMPUTE
TXN-11586,2026-03-18,2341.69,GOOGLE WORKSPACE ENTERPRISE
TXN-11587,2026-03-19,5515.32,UBER TECHNOLOGIES RIDE SHARE
TXN-11588,2026-03-20,5213.22,UBER EATS CLIENT ENTERTAINMENT
TXN-11589,2026-03-21,6605.68,STRIPE PAYMENTS PROCESSING FEE
TXN-11590,2026-03-22,7038.36,MICROSOFT AZURE RESERVED INSTANCE
TXN-11591,2026-03-23,3711.52,SALESFORCE CRM ENTERPRISE SEATS
TXN-11592,2026-03-24,4057.69,DELL TECHNOLOGIES WORKSTATIONS
TXN-11593,2026-03-25,6200.31,DOCUSIGN ENTERPRISE SIGNATURES
TXN-11594,2026-03-26,5694.95,STARBUCKS CORP TEAM CATERING
TXN-11595,2026-03-27,4503.55,WEWORK SOMA HOT DESK ACCESS
TXN-11596,2026-03-28,2118.92,ORACLE CLOUD DATABASE LICENSING
TXN-11597,2026-03-01,6487.50,SLACK TECHNOLOGIES BUSINESS PLUS
TXN-11598,2026-03-02,2438.94,NVIDIA AI ENTERPRISE COMPUTE
TXN-11599,2026-03-03,6531.21,GITHUB ENTERPRISE ORG ACCESS
TXN-11600,2026-03-04,1025.44,FEDEX PRIORITY OVERNIGHT FREIGHT
TXN-11601,2026-03-05,2578.75,ACME CORP PAYROLL MARCH
TXN-11602,2026-03-06,7850.09,ACME CORP HEALTH BENEFITS
TXN-11603,2026-03-07,560.64,AWS CLOUD SERVICES US-EAST-1
TXN-11604,2026-03-08,699.77,AWS INFRA S3 STORAGE
TXN-11605,2026-03-09,1549.30,GOOGLE CLOUD PLATFORM COMPUTE
TXN-11606,2026-03-10,5458.89,GOOGLE WORKSPACE ENTERPRISE
TXN-11607,2026-03-11,465.20,UBER TECHNOLOGIES RIDE SHARE
TXN-11608,2026-03-12,4257.17,UBER EATS CLIENT ENTERTAINMENT
TXN-11609,2026-03-13,1493.08,STRIPE PAYMENTS PROCESSING FEE
TXN-11610,2026-03-14,5056.39,MICROSOFT AZURE RESERVED INSTANCE
TXN-11611,2026-03-15,5438.31,SALESFORCE CRM ENTERPRISE SEATS
TXN-11612,2026-03-16,274.87,DELL TECHNOLOGIES WORKSTATIONS
TXN-11613,2026-03-17,230.75,DOCUSIGN ENTERPRISE SIGNATURES
TXN-11614,2026-03-18,4084.66,STARBUCKS CORP TEAM CATERING
TXN-11615,2026-03-19,6729.03,WEWORK SOMA HOT DESK ACCESS
TXN-11616,2026-03-20,5574.98,ORACLE CLOUD DATABASE LICENSING
TXN-11617,2026-03-21,3712.19,SLACK TECHNOLOGIES BUSINESS PLUS
TXN-11618,2026-03-22,372.46,NVIDIA AI ENTERPRISE COMPUTE
TXN-11619,2026-03-23,4663.13,GITHUB ENTERPRISE ORG ACCESS
TXN-11620,2026-03-24,2448.27,FEDEX PRIORITY OVERNIGHT FREIGHT
TXN-11621,2026-03-25,2181.61,ACME CORP PAYROLL MARCH
TXN-11622,2026-03-26,4195.83,ACME CORP HEALTH BENEFITS
TXN-11623,2026-03-27,5118.69,AWS CLOUD SERVICES US-EAST-1
TXN-11624,2026-03-28,3046.89,AWS INFRA S3 STORAGE
TXN-11625,2026-03-01,1616.96,GOOGLE CLOUD PLATFORM COMPUTE
TXN-11626,2026-03-02,6451.25,GOOGLE WORKSPACE ENTERPRISE
TXN-11627,2026-03-03,4519.15,UBER TECHNOLOGIES RIDE SHARE
TXN-11628,2026-03-04,3874.33,UBER EATS CLIENT ENTERTAINMENT
TXN-11629,2026-03-05,3735.60,STRIPE PAYMENTS PROCESSING FEE
TXN-11630,2026-03-06,2587.14,MICROSOFT AZURE RESERVED INSTANCE
TXN-11631,2026-03-07,6792.39,SALESFORCE CRM ENTERPRISE SEATS
TXN-11632,2026-03-08,1895.96,DELL TECHNOLOGIES WORKSTATIONS
TXN-11633,2026-03-09,471.13,DOCUSIGN ENTERPRISE SIGNATURES
TXN-11634,2026-03-10,452.28,STARBUCKS CORP TEAM CATERING
TXN-11635,2026-03-11,2648.68,WEWORK SOMA HOT DESK ACCESS
TXN-11636,2026-03-12,4973.76,ORACLE CLOUD DATABASE LICENSING
TXN-11637,2026-03-13,2623.41,SLACK TECHNOLOGIES BUSINESS PLUS
TXN-11638,2026-03-14,1443.26,NVIDIA AI ENTERPRISE COMPUTE
TXN-11639,2026-03-15,4933.81,GITHUB ENTERPRISE ORG ACCESS
TXN-11640,2026-03-16,379.22,FEDEX PRIORITY OVERNIGHT FREIGHT
TXN-11641,2026-03-17,4829.08,ACME CORP PAYROLL MARCH
TXN-11642,2026-03-18,6419.27,ACME CORP HEALTH BENEFITS
TXN-11643,2026-03-19,6604.11,AWS CLOUD SERVICES US-EAST-1
TXN-11644,2026-03-20,1636.31,AWS INFRA S3 STORAGE
TXN-11645,2026-03-21,483.68,GOOGLE CLOUD PLATFORM COMPUTE
TXN-11646,2026-03-22,6007.62,GOOGLE WORKSPACE ENTERPRISE
TXN-11647,2026-03-23,2236.41,UBER TECHNOLOGIES RIDE SHARE
TXN-11648,2026-03-24,6137.31,UBER EATS CLIENT ENTERTAINMENT
TXN-11649,2026-03-25,4780.70,STRIPE PAYMENTS PROCESSING FEE
TXN-11650,2026-03-26,385.68,MICROSOFT AZURE RESERVED INSTANCE
TXN-11651,2026-03-27,7083.33,SALESFORCE CRM ENTERPRISE SEATS
TXN-11652,2026-03-28,979.02,DELL TECHNOLOGIES WORKSTATIONS
TXN-11653,2026-03-01,1387.52,DOCUSIGN ENTERPRISE SIGNATURES
TXN-11654,2026-03-02,5148.73,STARBUCKS CORP TEAM CATERING
TXN-11655,2026-03-03,7669.90,WEWORK SOMA HOT DESK ACCESS
TXN-11656,2026-03-04,5793.97,ORACLE CLOUD DATABASE LICENSING
TXN-11657,2026-03-05,164.63,SLACK TECHNOLOGIES BUSINESS PLUS
TXN-11658,2026-03-06,7304.38,NVIDIA AI ENTERPRISE COMPUTE
TXN-11659,2026-03-07,1524.40,GITHUB ENTERPRISE ORG ACCESS
TXN-11660,2026-03-08,4987.89,FEDEX PRIORITY OVERNIGHT FREIGHT
TXN-11661,2026-03-09,785.58,ACME CORP PAYROLL MARCH
TXN-11662,2026-03-10,261.20,ACME CORP HEALTH BENEFITS
TXN-11663,2026-03-11,1449.66,AWS CLOUD SERVICES US-EAST-1
TXN-11664,2026-03-12,3923.22,AWS INFRA S3 STORAGE
TXN-11665,2026-03-13,4472.03,GOOGLE CLOUD PLATFORM COMPUTE
TXN-11666,2026-03-14,6005.16,GOOGLE WORKSPACE ENTERPRISE
TXN-11667,2026-03-15,4683.80,UBER TECHNOLOGIES RIDE SHARE
TXN-11668,2026-03-16,4148.54,UBER EATS CLIENT ENTERTAINMENT
TXN-11669,2026-03-17,4029.15,STRIPE PAYMENTS PROCESSING FEE
TXN-11670,2026-03-18,2888.25,MICROSOFT AZURE RESERVED INSTANCE
TXN-11671,2026-03-19,4282.31,SALESFORCE CRM ENTERPRISE SEATS
TXN-11672,2026-03-20,5147.34,DELL TECHNOLOGIES WORKSTATIONS
TXN-11673,2026-03-21,5473.45,DOCUSIGN ENTERPRISE SIGNATURES
TXN-11674,2026-03-22,4483.17,STARBUCKS CORP TEAM CATERING
TXN-11675,2026-03-23,1429.97,WEWORK SOMA HOT DESK ACCESS
TXN-11676,2026-03-24,4011.79,ORACLE CLOUD DATABASE LICENSING
TXN-11677,2026-03-25,1028.90,SLACK TECHNOLOGIES BUSINESS PLUS
TXN-11678,2026-03-26,4037.30,NVIDIA AI ENTERPRISE COMPUTE
TXN-11679,2026-03-27,3349.45,GITHUB ENTERPRISE ORG ACCESS
TXN-11680,2026-03-28,6470.77,FEDEX PRIORITY OVERNIGHT FREIGHT
TXN-11681,2026-03-01,4512.26,ACME CORP PAYROLL MARCH
TXN-11682,2026-03-02,197.15,ACME CORP HEALTH BENEFITS
TXN-11683,2026-03-03,5861.80,AWS CLOUD SERVICES US-EAST-1
TXN-11684,2026-03-04,6018.68,AWS INFRA S3 STORAGE
TXN-11685,2026-03-05,665.87,GOOGLE CLOUD PLATFORM COMPUTE
TXN-11686,2026-03-06,7362.44,GOOGLE WORKSPACE ENTERPRISE
TXN-11687,2026-03-07,390.60,UBER TECHNOLOGIES RIDE SHARE
TXN-11688,2026-03-08,3522.69,UBER EATS CLIENT ENTERTAINMENT
TXN-11689,2026-03-09,6954.95,STRIPE PAYMENTS PROCESSING FEE
TXN-11690,2026-03-10,5202.34,MICROSOFT AZURE RESERVED INSTANCE
TXN-11691,2026-03-11,4652.31,SALESFORCE CRM ENTERPRISE SEATS
TXN-11692,2026-03-12,5354.95,DELL TECHNOLOGIES WORKSTATIONS
TXN-11693,2026-03-13,2965.02,DOCUSIGN ENTERPRISE SIGNATURES
TXN-11694,2026-03-14,6319.19,STARBUCKS CORP TEAM CATERING
TXN-11695,2026-03-15,88.47,WEWORK SOMA HOT DESK ACCESS
TXN-11696,2026-03-16,7873.37,ORACLE CLOUD DATABASE LICENSING
TXN-11697,2026-03-17,7536.71,SLACK TECHNOLOGIES BUSINESS PLUS
TXN-11698,2026-03-18,5240.33,NVIDIA AI ENTERPRISE COMPUTE
TXN-11699,2026-03-19,3022.79,GITHUB ENTERPRISE ORG ACCESS
TXN-11700,2026-03-20,5956.88,FEDEX PRIORITY OVERNIGHT FREIGHT
TXN-11701,2026-03-01,20006.63,GOOGLE CLOUD PLATFORM COMPUTE UNMATCHED
TXN-11702,2026-03-02,1572.44,GOOGLE WORKSPACE ENTERPRISE UNMATCHED
TXN-11703,2026-03-03,1036.52,UBER TECHNOLOGIES RIDE SHARE UNMATCHED
TXN-11704,2026-03-04,1895.05,UBER EATS CLIENT ENTERTAINMENT UNMATCHED
TXN-11705,2026-03-05,1314.85,STRIPE PAYMENTS PROCESSING FEE UNMATCHED
TXN-11706,2026-03-06,1350.47,MICROSOFT AZURE RESERVED INSTANCE UNMATCHED
TXN-11707,2026-03-07,584.75,SALESFORCE CRM ENTERPRISE SEATS UNMATCHED
TXN-11708,2026-03-08,131.08,DELL TECHNOLOGIES WORKSTATIONS UNMATCHED
TXN-11709,2026-03-09,24265.23,DOCUSIGN ENTERPRISE SIGNATURES UNMATCHED
TXN-11710,2026-03-10,709.68,STARBUCKS CORP TEAM CATERING UNMATCHED
TXN-11711,2026-03-11,1773.45,WEWORK SOMA HOT DESK ACCESS UNMATCHED
TXN-11712,2026-03-12,975.41,ORACLE CLOUD DATABASE LICENSING UNMATCHED
TXN-11713,2026-03-13,330.55,SLACK TECHNOLOGIES BUSINESS PLUS UNMATCHED
TXN-11714,2026-03-14,1951.79,NVIDIA AI ENTERPRISE COMPUTE UNMATCHED
TXN-11715,2026-03-15,1931.12,GITHUB ENTERPRISE ORG ACCESS UNMATCHED
TXN-11716,2026-03-16,603.93,FEDEX PRIORITY OVERNIGHT FREIGHT UNMATCHED
TXN-11717,2026-03-17,25628.08,ACME CORP PAYROLL MARCH UNMATCHED
TXN-11718,2026-03-18,895.58,ACME CORP HEALTH BENEFITS UNMATCHED
TXN-11719,2026-03-19,661.31,AWS CLOUD SERVICES US-EAST-1 UNMATCHED
TXN-11720,2026-03-20,1276.67,AWS INFRA S3 STORAGE UNMATCHED
TXN-11721,2026-03-21,1335.76,GOOGLE CLOUD PLATFORM COMPUTE UNMATCHED
TXN-11722,2026-03-22,994.01,GOOGLE WORKSPACE ENTERPRISE UNMATCHED
TXN-11723,2026-03-23,2004.53,UBER TECHNOLOGIES RIDE SHARE UNMATCHED
TXN-11724,2026-03-24,1035.56,UBER EATS CLIENT ENTERTAINMENT UNMATCHED
TXN-11725,2026-03-25,42649.26,STRIPE PAYMENTS PROCESSING FEE UNMATCHED
TXN-11726,2026-03-26,1705.46,MICROSOFT AZURE RESERVED INSTANCE UNMATCHED
TXN-11727,2026-03-27,849.52,SALESFORCE CRM ENTERPRISE SEATS UNMATCHED
TXN-11728,2026-03-28,438.22,DELL TECHNOLOGIES WORKSTATIONS UNMATCHED
TXN-11729,2026-03-01,1215.50,DOCUSIGN ENTERPRISE SIGNATURES UNMATCHED
TXN-11730,2026-03-02,967.23,STARBUCKS CORP TEAM CATERING UNMATCHED
TXN-11731,2026-03-03,1748.44,WEWORK SOMA HOT DESK ACCESS UNMATCHED
TXN-11732,2026-03-04,60.06,ORACLE CLOUD DATABASE LICENSING UNMATCHED
TXN-11733,2026-03-05,32893.27,SLACK TECHNOLOGIES BUSINESS PLUS UNMATCHED
TXN-11734,2026-03-06,1339.41,NVIDIA AI ENTERPRISE COMPUTE UNMATCHED
TXN-11735,2026-03-07,1533.12,GITHUB ENTERPRISE ORG ACCESS UNMATCHED
TXN-11736,2026-03-08,2043.17,FEDEX PRIORITY OVERNIGHT FREIGHT UNMATCHED
TXN-11737,2026-03-09,1220.59,ACME CORP PAYROLL MARCH UNMATCHED
TXN-11738,2026-03-10,820.83,ACME CORP HEALTH BENEFITS UNMATCHED
TXN-11739,2026-03-11,845.76,AWS CLOUD SERVICES US-EAST-1 UNMATCHED
TXN-11740,2026-03-12,969.14,AWS INFRA S3 STORAGE UNMATCHED
TXN-11741,2026-03-13,19915.72,GOOGLE CLOUD PLATFORM COMPUTE UNMATCHED
TXN-11742,2026-03-14,383.27,GOOGLE WORKSPACE ENTERPRISE UNMATCHED
TXN-11743,2026-03-15,1797.29,UBER TECHNOLOGIES RIDE SHARE UNMATCHED
TXN-11744,2026-03-16,1452.27,UBER EATS CLIENT ENTERTAINMENT UNMATCHED
TXN-11745,2026-03-17,1248.22,STRIPE PAYMENTS PROCESSING FEE UNMATCHED
TXN-11746,2026-03-18,1785.06,MICROSOFT AZURE RESERVED INSTANCE UNMATCHED
TXN-11747,2026-03-19,1912.90,SALESFORCE CRM ENTERPRISE SEATS UNMATCHED
TXN-11748,2026-03-20,575.03,DELL TECHNOLOGIES WORKSTATIONS UNMATCHED
TXN-11749,2026-03-21,40735.92,DOCUSIGN ENTERPRISE SIGNATURES UNMATCHED
TXN-11750,2026-03-22,392.75,STARBUCKS CORP TEAM CATERING UNMATCHED
TXN-11751,2026-03-23,1116.37,WEWORK SOMA HOT DESK ACCESS UNMATCHED
TXN-11752,2026-03-24,492.48,ORACLE CLOUD DATABASE LICENSING UNMATCHED
TXN-11753,2026-03-25,819.01,SLACK TECHNOLOGIES BUSINESS PLUS UNMATCHED
TXN-11754,2026-03-26,575.05,NVIDIA AI ENTERPRISE COMPUTE UNMATCHED
TXN-11755,2026-03-27,1654.68,GITHUB ENTERPRISE ORG ACCESS UNMATCHED
TXN-11756,2026-03-28,1447.28,FEDEX PRIORITY OVERNIGHT FREIGHT UNMATCHED
TXN-11757,2026-03-01,31220.08,ACME CORP PAYROLL MARCH UNMATCHED
TXN-11758,2026-03-02,1504.68,ACME CORP HEALTH BENEFITS UNMATCHED
TXN-11759,2026-03-03,1028.58,AWS CLOUD SERVICES US-EAST-1 UNMATCHED
TXN-11760,2026-03-04,1084.72,AWS INFRA S3 STORAGE UNMATCHED
TXN-11761,2026-03-05,1046.27,GOOGLE CLOUD PLATFORM COMPUTE UNMATCHED
TXN-11762,2026-03-06,1603.81,GOOGLE WORKSPACE ENTERPRISE UNMATCHED
TXN-11763,2026-03-07,419.91,UBER TECHNOLOGIES RIDE SHARE UNMATCHED
TXN-11764,2026-03-08,862.50,UBER EATS CLIENT ENTERTAINMENT UNMATCHED
TXN-11765,2026-03-09,38145.21,STRIPE PAYMENTS PROCESSING FEE UNMATCHED
TXN-11766,2026-03-10,1414.18,MICROSOFT AZURE RESERVED INSTANCE UNMATCHED
TXN-11767,2026-03-11,1368.10,SALESFORCE CRM ENTERPRISE SEATS UNMATCHED
TXN-11768,2026-03-12,1305.75,DELL TECHNOLOGIES WORKSTATIONS UNMATCHED
TXN-11769,2026-03-13,2035.03,DOCUSIGN ENTERPRISE SIGNATURES UNMATCHED
TXN-11770,2026-03-14,1988.44,STARBUCKS CORP TEAM CATERING UNMATCHED
TXN-11771,2026-03-15,381.60,WEWORK SOMA HOT DESK ACCESS UNMATCHED
TXN-11772,2026-03-16,1471.68,ORACLE CLOUD DATABASE LICENSING UNMATCHED
TXN-11773,2026-03-17,19601.18,SLACK TECHNOLOGIES BUSINESS PLUS UNMATCHED
TXN-11774,2026-03-18,399.49,NVIDIA AI ENTERPRISE COMPUTE UNMATCHED
TXN-11775,2026-03-19,1399.13,GITHUB ENTERPRISE ORG ACCESS UNMATCHED
TXN-11776,2026-03-20,263.26,FEDEX PRIORITY OVERNIGHT FREIGHT UNMATCHED
TXN-11777,2026-03-21,1233.35,ACME CORP PAYROLL MARCH UNMATCHED
TXN-11778,2026-03-22,386.17,ACME CORP HEALTH BENEFITS UNMATCHED
TXN-11779,2026-03-23,1552.35,AWS CLOUD SERVICES US-EAST-1 UNMATCHED
TXN-11780,2026-03-24,1581.72,AWS INFRA S3 STORAGE UNMATCHED
TXN-11781,2026-03-25,22736.75,GOOGLE CLOUD PLATFORM COMPUTE UNMATCHED
TXN-11782,2026-03-26,773.38,GOOGLE WORKSPACE ENTERPRISE UNMATCHED
TXN-11783,2026-03-27,619.83,UBER TECHNOLOGIES RIDE SHARE UNMATCHED
TXN-11784,2026-03-28,1536.77,UBER EATS CLIENT ENTERTAINMENT UNMATCHED
TXN-11785,2026-03-01,1232.60,STRIPE PAYMENTS PROCESSING FEE UNMATCHED
TXN-11786,2026-03-02,939.92,MICROSOFT AZURE RESERVED INSTANCE UNMATCHED
TXN-11787,2026-03-03,2019.30,SALESFORCE CRM ENTERPRISE SEATS UNMATCHED
TXN-11788,2026-03-04,1643.23,DELL TECHNOLOGIES WORKSTATIONS UNMATCHED
TXN-11789,2026-03-05,26624.00,DOCUSIGN ENTERPRISE SIGNATURES UNMATCHED
TXN-11790,2026-03-06,387.22,STARBUCKS CORP TEAM CATERING UNMATCHED
TXN-11791,2026-03-07,672.61,WEWORK SOMA HOT DESK ACCESS UNMATCHED
TXN-11792,2026-03-08,1313.07,ORACLE CLOUD DATABASE LICENSING UNMATCHED
TXN-11793,2026-03-09,497.31,SLACK TECHNOLOGIES BUSINESS PLUS UNMATCHED
TXN-11794,2026-03-10,1382.72,NVIDIA AI ENTERPRISE COMPUTE UNMATCHED
TXN-11795,2026-03-11,91.73,GITHUB ENTERPRISE ORG ACCESS UNMATCHED
TXN-11796,2026-03-12,1917.97,FEDEX PRIORITY OVERNIGHT FREIGHT UNMATCHED
TXN-11797,2026-03-13,39960.02,ACME CORP PAYROLL MARCH UNMATCHED
TXN-11798,2026-03-14,801.45,ACME CORP HEALTH BENEFITS UNMATCHED
TXN-11799,2026-03-15,796.11,AWS CLOUD SERVICES US-EAST-1 UNMATCHED
TXN-11800,2026-03-16,387.52,AWS INFRA S3 STORAGE UNMATCHED
TXN-11801,2026-03-17,1185.77,GOOGLE CLOUD PLATFORM COMPUTE UNMATCHED
TXN-11802,2026-03-18,1389.49,GOOGLE WORKSPACE ENTERPRISE UNMATCHED
TXN-11803,2026-03-19,738.31,UBER TECHNOLOGIES RIDE SHARE UNMATCHED
TXN-11804,2026-03-20,277.90,UBER EATS CLIENT ENTERTAINMENT UNMATCHED
TXN-11805,2026-03-21,37355.91,STRIPE PAYMENTS PROCESSING FEE UNMATCHED
TXN-11806,2026-03-22,1562.95,MICROSOFT AZURE RESERVED INSTANCE UNMATCHED
TXN-11807,2026-03-23,1779.04,SALESFORCE CRM ENTERPRISE SEATS UNMATCHED
TXN-11808,2026-03-24,924.39,DELL TECHNOLOGIES WORKSTATIONS UNMATCHED
TXN-11809,2026-03-25,817.01,DOCUSIGN ENTERPRISE SIGNATURES UNMATCHED
TXN-11810,2026-03-26,242.45,STARBUCKS CORP TEAM CATERING UNMATCHED
TXN-11811,2026-03-27,1490.96,WEWORK SOMA HOT DESK ACCESS UNMATCHED
TXN-11812,2026-03-28,1677.14,ORACLE CLOUD DATABASE LICENSING UNMATCHED
TXN-11813,2026-03-01,23445.12,SLACK TECHNOLOGIES BUSINESS PLUS UNMATCHED
TXN-11814,2026-03-02,1202.33,NVIDIA AI ENTERPRISE COMPUTE UNMATCHED
TXN-11815,2026-03-03,1488.78,GITHUB ENTERPRISE ORG ACCESS UNMATCHED
TXN-11816,2026-03-04,1855.94,FEDEX PRIORITY OVERNIGHT FREIGHT UNMATCHED
TXN-11817,2026-03-05,229.10,ACME CORP PAYROLL MARCH UNMATCHED
TXN-11818,2026-03-06,784.04,ACME CORP HEALTH BENEFITS UNMATCHED
TXN-11819,2026-03-07,236.28,AWS CLOUD SERVICES US-EAST-1 UNMATCHED
TXN-11820,2026-03-08,990.16,AWS INFRA S3 STORAGE UNMATCHED
TXN-11821,2026-03-09,21345.07,GOOGLE CLOUD PLATFORM COMPUTE UNMATCHED
TXN-11822,2026-03-10,55.15,GOOGLE WORKSPACE ENTERPRISE UNMATCHED
TXN-11823,2026-03-11,1378.63,UBER TECHNOLOGIES RIDE SHARE UNMATCHED
TXN-11824,2026-03-12,336.45,UBER EATS CLIENT ENTERTAINMENT UNMATCHED
TXN-11825,2026-03-13,1103.47,STRIPE PAYMENTS PROCESSING FEE UNMATCHED
TXN-11826,2026-03-14,868.35,MICROSOFT AZURE RESERVED INSTANCE UNMATCHED
TXN-11827,2026-03-15,514.40,SALESFORCE CRM ENTERPRISE SEATS UNMATCHED
TXN-11828,2026-03-16,1584.26,DELL TECHNOLOGIES WORKSTATIONS UNMATCHED
TXN-11829,2026-03-17,33265.76,DOCUSIGN ENTERPRISE SIGNATURES UNMATCHED
TXN-11830,2026-03-18,1236.82,STARBUCKS CORP TEAM CATERING UNMATCHED
TXN-11831,2026-03-19,2025.43,WEWORK SOMA HOT DESK ACCESS UNMATCHED
TXN-11832,2026-03-20,1821.90,ORACLE CLOUD DATABASE LICENSING UNMATCHED
TXN-11833,2026-03-21,1424.22,SLACK TECHNOLOGIES BUSINESS PLUS UNMATCHED
TXN-11834,2026-03-22,138.57,NVIDIA AI ENTERPRISE COMPUTE UNMATCHED
TXN-11835,2026-03-23,784.95,GITHUB ENTERPRISE ORG ACCESS UNMATCHED
TXN-11836,2026-03-24,1603.94,FEDEX PRIORITY OVERNIGHT FREIGHT UNMATCHED
TXN-11837,2026-03-25,24990.58,ACME CORP PAYROLL MARCH UNMATCHED
TXN-11838,2026-03-26,1528.34,ACME CORP HEALTH BENEFITS UNMATCHED
TXN-11839,2026-03-27,271.59,AWS CLOUD SERVICES US-EAST-1 UNMATCHED
TXN-11840,2026-03-28,382.68,AWS INFRA S3 STORAGE UNMATCHED
TXN-11841,2026-03-01,1036.81,GOOGLE CLOUD PLATFORM COMPUTE UNMATCHED
TXN-11842,2026-03-02,163.22,GOOGLE WORKSPACE ENTERPRISE UNMATCHED
TXN-11843,2026-03-03,243.85,UBER TECHNOLOGIES RIDE SHARE UNMATCHED
TXN-11844,2026-03-04,790.51,UBER EATS CLIENT ENTERTAINMENT UNMATCHED
TXN-11845,2026-03-05,26356.57,STRIPE PAYMENTS PROCESSING FEE UNMATCHED
TXN-11846,2026-03-06,465.96,MICROSOFT AZURE RESERVED INSTANCE UNMATCHED
TXN-11847,2026-03-07,1534.01,SALESFORCE CRM ENTERPRISE SEATS UNMATCHED
TXN-11848,2026-03-08,1067.39,DELL TECHNOLOGIES WORKSTATIONS UNMATCHED
TXN-11849,2026-03-09,740.09,DOCUSIGN ENTERPRISE SIGNATURES UNMATCHED
TXN-11850,2026-03-10,1392.85,STARBUCKS CORP TEAM CATERING UNMATCHED
TXN-11851,2026-03-11,406.38,WEWORK SOMA HOT DESK ACCESS UNMATCHED
TXN-11852,2026-03-12,158.22,ORACLE CLOUD DATABASE LICENSING UNMATCHED
TXN-11853,2026-03-13,31204.89,SLACK TECHNOLOGIES BUSINESS PLUS UNMATCHED
TXN-11854,2026-03-14,1613.06,NVIDIA AI ENTERPRISE COMPUTE UNMATCHED
TXN-11855,2026-03-15,446.74,GITHUB ENTERPRISE ORG ACCESS UNMATCHED
TXN-11856,2026-03-16,422.64,FEDEX PRIORITY OVERNIGHT FREIGHT UNMATCHED
TXN-11857,2026-03-17,1749.15,ACME CORP PAYROLL MARCH UNMATCHED
TXN-11858,2026-03-18,971.99,ACME CORP HEALTH BENEFITS UNMATCHED
TXN-11859,2026-03-19,1067.85,AWS CLOUD SERVICES US-EAST-1 UNMATCHED
TXN-11860,2026-03-20,1169.52,AWS INFRA S3 STORAGE UNMATCHED
TXN-11861,2026-03-21,36012.69,GOOGLE CLOUD PLATFORM COMPUTE UNMATCHED
TXN-11862,2026-03-22,1608.48,GOOGLE WORKSPACE ENTERPRISE UNMATCHED
TXN-11863,2026-03-23,730.96,UBER TECHNOLOGIES RIDE SHARE UNMATCHED
TXN-11864,2026-03-24,689.96,UBER EATS CLIENT ENTERTAINMENT UNMATCHED
TXN-11865,2026-03-25,1913.54,STRIPE PAYMENTS PROCESSING FEE UNMATCHED
TXN-11866,2026-03-26,527.94,MICROSOFT AZURE RESERVED INSTANCE UNMATCHED
TXN-11867,2026-03-27,1671.81,SALESFORCE CRM ENTERPRISE SEATS UNMATCHED
TXN-11868,2026-03-28,808.21,DELL TECHNOLOGIES WORKSTATIONS UNMATCHED
TXN-11869,2026-03-01,34067.09,DOCUSIGN ENTERPRISE SIGNATURES UNMATCHED
TXN-11870,2026-03-02,96.40,STARBUCKS CORP TEAM CATERING UNMATCHED
TXN-11871,2026-03-03,785.67,WEWORK SOMA HOT DESK ACCESS UNMATCHED
TXN-11872,2026-03-04,1205.40,ORACLE CLOUD DATABASE LICENSING UNMATCHED
TXN-11873,2026-03-05,1362.39,SLACK TECHNOLOGIES BUSINESS PLUS UNMATCHED
TXN-11874,2026-03-06,68.49,NVIDIA AI ENTERPRISE COMPUTE UNMATCHED
TXN-11875,2026-03-07,264.89,GITHUB ENTERPRISE ORG ACCESS UNMATCHED
TXN-11876,2026-03-08,1048.77,FEDEX PRIORITY OVERNIGHT FREIGHT UNMATCHED
TXN-11877,2026-03-09,23576.01,ACME CORP PAYROLL MARCH UNMATCHED
TXN-11878,2026-03-10,2013.70,ACME CORP HEALTH BENEFITS UNMATCHED
TXN-11879,2026-03-11,1049.10,AWS CLOUD SERVICES US-EAST-1 UNMATCHED
TXN-11880,2026-03-12,1207.74,AWS INFRA S3 STORAGE UNMATCHED
TXN-11881,2026-03-13,374.23,GOOGLE CLOUD PLATFORM COMPUTE UNMATCHED
TXN-11882,2026-03-14,73.22,GOOGLE WORKSPACE ENTERPRISE UNMATCHED
TXN-11883,2026-03-15,1009.31,UBER TECHNOLOGIES RIDE SHARE UNMATCHED
TXN-11884,2026-03-16,1560.45,UBER EATS CLIENT ENTERTAINMENT UNMATCHED
TXN-11885,2026-03-17,16535.37,STRIPE PAYMENTS PROCESSING FEE UNMATCHED
TXN-11886,2026-03-18,1071.79,MICROSOFT AZURE RESERVED INSTANCE UNMATCHED
TXN-11887,2026-03-19,1765.04,SALESFORCE CRM ENTERPRISE SEATS UNMATCHED
TXN-11888,2026-03-20,1479.59,DELL TECHNOLOGIES WORKSTATIONS UNMATCHED
TXN-11889,2026-03-21,939.63,DOCUSIGN ENTERPRISE SIGNATURES UNMATCHED
TXN-11890,2026-03-22,1731.18,STARBUCKS CORP TEAM CATERING UNMATCHED
TXN-11891,2026-03-23,724.46,WEWORK SOMA HOT DESK ACCESS UNMATCHED
TXN-11892,2026-03-24,1210.39,ORACLE CLOUD DATABASE LICENSING UNMATCHED
TXN-11893,2026-03-25,36899.94,SLACK TECHNOLOGIES BUSINESS PLUS UNMATCHED
TXN-11894,2026-03-26,1968.18,NVIDIA AI ENTERPRISE COMPUTE UNMATCHED
TXN-11895,2026-03-27,1730.55,GITHUB ENTERPRISE ORG ACCESS UNMATCHED
TXN-11896,2026-03-28,490.55,FEDEX PRIORITY OVERNIGHT FREIGHT UNMATCHED
TXN-11897,2026-03-01,468.93,ACME CORP PAYROLL MARCH UNMATCHED
TXN-11898,2026-03-02,377.40,ACME CORP HEALTH BENEFITS UNMATCHED
TXN-11899,2026-03-03,1339.63,AWS CLOUD SERVICES US-EAST-1 UNMATCHED
TXN-11900,2026-03-04,2017.87,AWS INFRA S3 STORAGE UNMATCHED
TXN-11901,2026-03-05,32714.95,GOOGLE CLOUD PLATFORM COMPUTE UNMATCHED
TXN-11902,2026-03-06,767.20,GOOGLE WORKSPACE ENTERPRISE UNMATCHED
TXN-11903,2026-03-07,990.92,UBER TECHNOLOGIES RIDE SHARE UNMATCHED
TXN-11904,2026-03-08,433.11,UBER EATS CLIENT ENTERTAINMENT UNMATCHED
TXN-11905,2026-03-09,809.20,STRIPE PAYMENTS PROCESSING FEE UNMATCHED
TXN-11906,2026-03-10,755.72,MICROSOFT AZURE RESERVED INSTANCE UNMATCHED
TXN-11907,2026-03-11,1780.80,SALESFORCE CRM ENTERPRISE SEATS UNMATCHED
TXN-11908,2026-03-12,119.25,DELL TECHNOLOGIES WORKSTATIONS UNMATCHED
TXN-11909,2026-03-13,38410.67,DOCUSIGN ENTERPRISE SIGNATURES UNMATCHED
TXN-11910,2026-03-14,1737.06,STARBUCKS CORP TEAM CATERING UNMATCHED
TXN-11911,2026-03-15,2007.98,WEWORK SOMA HOT DESK ACCESS UNMATCHED
TXN-11912,2026-03-16,979.72,ORACLE CLOUD DATABASE LICENSING UNMATCHED
TXN-11913,2026-03-17,1877.49,SLACK TECHNOLOGIES BUSINESS PLUS UNMATCHED
TXN-11914,2026-03-18,639.51,NVIDIA AI ENTERPRISE COMPUTE UNMATCHED
TXN-11915,2026-03-19,1916.70,GITHUB ENTERPRISE ORG ACCESS UNMATCHED
TXN-11916,2026-03-20,235.45,FEDEX PRIORITY OVERNIGHT FREIGHT UNMATCHED
TXN-11917,2026-03-21,41276.22,ACME CORP PAYROLL MARCH UNMATCHED
TXN-11918,2026-03-22,625.09,ACME CORP HEALTH BENEFITS UNMATCHED
TXN-11919,2026-03-23,1369.06,AWS CLOUD SERVICES US-EAST-1 UNMATCHED
TXN-11920,2026-03-24,1387.87,AWS INFRA S3 STORAGE UNMATCHED
TXN-11921,2026-03-25,492.23,GOOGLE CLOUD PLATFORM COMPUTE UNMATCHED
TXN-11922,2026-03-26,1117.59,GOOGLE WORKSPACE ENTERPRISE UNMATCHED
TXN-11923,2026-03-27,902.62,UBER TECHNOLOGIES RIDE SHARE UNMATCHED
TXN-11924,2026-03-28,448.59,UBER EATS CLIENT ENTERTAINMENT UNMATCHED
TXN-11925,2026-03-01,30324.60,STRIPE PAYMENTS PROCESSING FEE UNMATCHED
TXN-11926,2026-03-02,708.38,MICROSOFT AZURE RESERVED INSTANCE UNMATCHED
TXN-11927,2026-03-03,548.87,SALESFORCE CRM ENTERPRISE SEATS UNMATCHED
TXN-11928,2026-03-04,1869.91,DELL TECHNOLOGIES WORKSTATIONS UNMATCHED
TXN-11929,2026-03-05,2040.58,DOCUSIGN ENTERPRISE SIGNATURES UNMATCHED
TXN-11930,2026-03-06,1746.68,STARBUCKS CORP TEAM CATERING UNMATCHED
TXN-11931,2026-03-07,234.56,WEWORK SOMA HOT DESK ACCESS UNMATCHED
TXN-11932,2026-03-08,410.58,ORACLE CLOUD DATABASE LICENSING UNMATCHED
TXN-11933,2026-03-09,36276.13,SLACK TECHNOLOGIES BUSINESS PLUS UNMATCHED
TXN-11934,2026-03-10,77.17,NVIDIA AI ENTERPRISE COMPUTE UNMATCHED
TXN-11935,2026-03-11,724.19,GITHUB ENTERPRISE ORG ACCESS UNMATCHED
TXN-11936,2026-03-12,598.96,FEDEX PRIORITY OVERNIGHT FREIGHT UNMATCHED
TXN-11937,2026-03-13,216.79,ACME CORP PAYROLL MARCH UNMATCHED
TXN-11938,2026-03-14,313.73,ACME CORP HEALTH BENEFITS UNMATCHED
TXN-11939,2026-03-15,983.22,AWS CLOUD SERVICES US-EAST-1 UNMATCHED
TXN-11940,2026-03-16,916.15,AWS INFRA S3 STORAGE UNMATCHED
TXN-11941,2026-03-17,38904.47,GOOGLE CLOUD PLATFORM COMPUTE UNMATCHED
TXN-11942,2026-03-18,135.50,GOOGLE WORKSPACE ENTERPRISE UNMATCHED
TXN-11943,2026-03-19,737.71,UBER TECHNOLOGIES RIDE SHARE UNMATCHED
TXN-11944,2026-03-20,167.53,UBER EATS CLIENT ENTERTAINMENT UNMATCHED
TXN-11945,2026-03-21,1111.72,STRIPE PAYMENTS PROCESSING FEE UNMATCHED
TXN-11946,2026-03-22,967.71,MICROSOFT AZURE RESERVED INSTANCE UNMATCHED
TXN-11947,2026-03-23,635.08,SALESFORCE CRM ENTERPRISE SEATS UNMATCHED
TXN-11948,2026-03-24,632.89,DELL TECHNOLOGIES WORKSTATIONS UNMATCHED
TXN-11949,2026-03-25,34539.26,DOCUSIGN ENTERPRISE SIGNATURES UNMATCHED
TXN-11950,2026-03-26,1971.63,STARBUCKS CORP TEAM CATERING UNMATCHED
TXN-11951,2026-03-27,1799.04,WEWORK SOMA HOT DESK ACCESS UNMATCHED
TXN-11952,2026-03-28,906.71,ORACLE CLOUD DATABASE LICENSING UNMATCHED
TXN-11953,2026-03-01,935.53,SLACK TECHNOLOGIES BUSINESS PLUS UNMATCHED
TXN-11954,2026-03-02,162.63,NVIDIA AI ENTERPRISE COMPUTE UNMATCHED
TXN-11955,2026-03-03,1105.22,GITHUB ENTERPRISE ORG ACCESS UNMATCHED
TXN-11956,2026-03-04,678.66,FEDEX PRIORITY OVERNIGHT FREIGHT UNMATCHED
TXN-11957,2026-03-05,31618.50,ACME CORP PAYROLL MARCH UNMATCHED
TXN-11958,2026-03-06,495.04,ACME CORP HEALTH BENEFITS UNMATCHED
TXN-11959,2026-03-07,1297.15,AWS CLOUD SERVICES US-EAST-1 UNMATCHED
TXN-11960,2026-03-08,1498.94,AWS INFRA S3 STORAGE UNMATCHED
TXN-11961,2026-03-09,2001.36,GOOGLE CLOUD PLATFORM COMPUTE UNMATCHED
TXN-11962,2026-03-10,1741.25,GOOGLE WORKSPACE ENTERPRISE UNMATCHED
TXN-11963,2026-03-11,1488.52,UBER TECHNOLOGIES RIDE SHARE UNMATCHED
TXN-11964,2026-03-12,1695.09,UBER EATS CLIENT ENTERTAINMENT UNMATCHED
TXN-11965,2026-03-13,38196.30,STRIPE PAYMENTS PROCESSING FEE UNMATCHED
TXN-11966,2026-03-14,1343.51,MICROSOFT AZURE RESERVED INSTANCE UNMATCHED
TXN-11967,2026-03-15,962.09,SALESFORCE CRM ENTERPRISE SEATS UNMATCHED
TXN-11968,2026-03-16,1489.70,DELL TECHNOLOGIES WORKSTATIONS UNMATCHED
TXN-11969,2026-03-17,861.29,DOCUSIGN ENTERPRISE SIGNATURES UNMATCHED
TXN-11970,2026-03-18,1239.26,STARBUCKS CORP TEAM CATERING UNMATCHED
TXN-11971,2026-03-19,1500.28,WEWORK SOMA HOT DESK ACCESS UNMATCHED
TXN-11972,2026-03-20,1226.04,ORACLE CLOUD DATABASE LICENSING UNMATCHED
TXN-11973,2026-03-21,26017.69,SLACK TECHNOLOGIES BUSINESS PLUS UNMATCHED
TXN-11974,2026-03-22,330.97,NVIDIA AI ENTERPRISE COMPUTE UNMATCHED
TXN-11975,2026-03-23,1191.44,GITHUB ENTERPRISE ORG ACCESS UNMATCHED
TXN-11976,2026-03-24,539.62,FEDEX PRIORITY OVERNIGHT FREIGHT UNMATCHED
TXN-11977,2026-03-25,1454.02,ACME CORP PAYROLL MARCH UNMATCHED
TXN-11978,2026-03-26,355.63,ACME CORP HEALTH BENEFITS UNMATCHED
TXN-11979,2026-03-27,582.21,AWS CLOUD SERVICES US-EAST-1 UNMATCHED
TXN-11980,2026-03-28,52.12,AWS INFRA S3 STORAGE UNMATCHED
TXN-11981,2026-03-01,19876.55,GOOGLE CLOUD PLATFORM COMPUTE UNMATCHED
TXN-11982,2026-03-02,1218.58,GOOGLE WORKSPACE ENTERPRISE UNMATCHED
TXN-11983,2026-03-03,1505.51,UBER TECHNOLOGIES RIDE SHARE UNMATCHED
TXN-11984,2026-03-04,298.44,UBER EATS CLIENT ENTERTAINMENT UNMATCHED
TXN-11985,2026-03-05,74.25,STRIPE PAYMENTS PROCESSING FEE UNMATCHED
TXN-11986,2026-03-06,1229.54,MICROSOFT AZURE RESERVED INSTANCE UNMATCHED
TXN-11987,2026-03-07,578.87,SALESFORCE CRM ENTERPRISE SEATS UNMATCHED
TXN-11988,2026-03-08,900.82,DELL TECHNOLOGIES WORKSTATIONS UNMATCHED
TXN-11989,2026-03-09,44587.54,DOCUSIGN ENTERPRISE SIGNATURES UNMATCHED
TXN-11990,2026-03-10,711.96,STARBUCKS CORP TEAM CATERING UNMATCHED
TXN-11991,2026-03-11,476.49,WEWORK SOMA HOT DESK ACCESS UNMATCHED
TXN-11992,2026-03-12,620.58,ORACLE CLOUD DATABASE LICENSING UNMATCHED
TXN-11993,2026-03-13,1566.78,SLACK TECHNOLOGIES BUSINESS PLUS UNMATCHED
TXN-11994,2026-03-14,1324.18,NVIDIA AI ENTERPRISE COMPUTE UNMATCHED
TXN-11995,2026-03-15,1849.97,GITHUB ENTERPRISE ORG ACCESS UNMATCHED
TXN-11996,2026-03-16,327.90,FEDEX PRIORITY OVERNIGHT FREIGHT UNMATCHED
TXN-11997,2026-03-17,24835.75,ACME CORP PAYROLL MARCH UNMATCHED
TXN-11998,2026-03-18,142.78,ACME CORP HEALTH BENEFITS UNMATCHED
TXN-11999,2026-03-19,2049.79,AWS CLOUD SERVICES US-EAST-1 UNMATCHED
TXN-12000,2026-03-20,280.80,AWS INFRA S3 STORAGE UNMATCHED